Date,next_ret,target,pred_always_up,pred_persistence,pred_logreg,pred_gbm
2018-01-02,0.0063252817069046,1,1,1,1,0
2018-01-03,0.0042148117073932,1,1,1,1,0
2018-01-04,0.0066639576627482,1,1,1,0,0
2018-01-05,0.0018283600756898,1,1,1,0,1
2018-01-08,0.0022637344549889,1,1,1,0,0
2018-01-09,-0.0015298685224723,0,1,1,0,0
2018-01-10,0.00729615992584,1,1,0,1,1
2018-01-11,0.0065186656746218,1,1,1,0,0
2018-01-12,-0.0034180870494932,0,1,1,0,0
2018-01-16,0.0095317416076012,1,1,0,1,1
2018-01-17,-0.0016810907869838,0,1,1,0,0
2018-01-18,0.0045499009036666,1,1,0,1,1
2018-01-19,0.0081308719744537,1,1,1,1,1
2018-01-22,0.0021224911200115,1,1,1,0,0
2018-01-23,-0.0003884311211186,0,1,1,0,0
2018-01-24,0.0004241197321306,1,1,0,1,0
2018-01-25,0.0115777933760949,1,1,1,0,0
2018-01-26,-0.006630017810929,0,1,1,0,0
2018-01-29,-0.0102571764090741,0,1,0,0,0
2018-01-30,0.0004968887240064,1,1,0,1,0
2018-01-31,-0.0011350935154282,0,1,1,1,1
2018-02-01,-0.0217701063632658,0,1,0,1,1
2018-02-02,-0.0418223793527329,0,1,0,1,1
2018-02-05,0.0197022898264918,1,1,0,1,0
2018-02-06,-0.0054251370928216,0,1,1,1,1
2018-02-07,-0.0375089617266981,0,1,0,1,1
2018-02-08,0.0150216895629482,1,1,0,1,0
2018-02-09,0.0146842583365476,1,1,1,1,1
2018-02-12,0.0024876597938381,1,1,1,1,0
2018-02-13,0.0134962897601771,1,1,1,1,0
2018-02-14,0.0127597234447669,1,1,1,0,1
2018-02-15,0.0002929606744537,1,1,1,1,1
2018-02-16,-0.0062608527419154,0,1,1,1,1
2018-02-20,-0.0049745059452184,0,1,0,1,1
2018-02-21,0.001296120051945,1,1,0,1,1
2018-02-22,0.0159398696905803,1,1,1,0,1
2018-02-23,0.0116117672217983,1,1,1,0,0
2018-02-26,-0.0124865632396005,0,1,1,0,1
2018-02-27,-0.0101298727948611,0,1,0,0,0
2018-02-28,-0.0145408594169886,0,1,0,1,0
2018-03-01,0.0051550655508416,1,1,0,1,1
2018-03-02,0.0115577234419563,1,1,1,0,0
2018-03-05,0.0025352699970273,1,1,1,0,0
2018-03-06,-0.0003664338678907,0,1,1,1,0
2018-03-07,0.0048389804778385,1,1,0,1,0
2018-03-08,0.0174024244143635,1,1,1,1,0
2018-03-09,-0.0012550641655214,0,1,1,0,0
2018-03-12,-0.0064631815073219,0,1,0,1,1
2018-03-13,-0.0051310567272235,0,1,0,1,1
2018-03-14,-0.0010895751622823,0,1,0,1,1
2018-03-15,0.001084253684898,1,1,0,1,0
2018-03-16,-0.0135303159308692,0,1,1,1,0
2018-03-19,0.001700694857339,1,1,0,1,1
2018-03-20,-0.0019193216590784,0,1,1,1,0
2018-03-21,-0.0249971785360305,0,1,0,1,0
2018-03-22,-0.021314656833631,0,1,0,1,1
2018-03-23,0.0273593648385359,1,1,0,1,1
2018-03-26,-0.017011929854072,0,1,1,1,1
2018-03-27,-0.0029549280144008,0,1,0,1,1
2018-03-28,0.0127776539633013,1,1,0,1,1
2018-03-29,-0.0215845289670705,0,1,1,1,1
2018-04-02,0.0128167777012544,1,1,0,1,1
2018-04-03,0.0106991071618838,1,1,1,1,1
2018-04-04,0.0078920937645343,1,1,1,0,1
2018-04-05,-0.0222858420176959,0,1,1,1,1
2018-04-06,0.0049282587316836,1,1,0,1,1
2018-04-09,0.0159006683138551,1,1,1,1,1
2018-04-10,-0.0052425101657859,0,1,1,0,1
2018-04-11,0.0082272738877995,1,1,0,0,1
2018-04-12,-0.0029330043351569,0,1,1,0,0
2018-04-13,0.0082216186687578,1,1,0,1,0
2018-04-16,0.0106983748225324,1,1,1,0,0
2018-04-17,0.0007402870640249,1,1,1,0,0
2018-04-18,-0.0055475976619009,0,1,1,0,1
2018-04-19,-0.0084793268764929,0,1,0,0,0
2018-04-20,-0.0001499935619645,0,1,0,1,1
2018-04-23,-0.0134671563208295,0,1,0,1,0
2018-04-24,0.0024717300971848,1,1,0,1,1
2018-04-25,0.0101657895080726,1,1,1,1,1
2018-04-26,0.0009384829832432,1,1,1,1,0
2018-04-27,-0.0076907220485248,0,1,1,1,1
2018-04-30,0.0017771039272995,1,1,0,1,1
2018-05-01,-0.0067174698969528,0,1,1,1,1
2018-05-02,-0.0022038076819004,0,1,0,1,1
2018-05-03,0.012946451525295,1,1,0,1,1
2018-05-04,0.0033833162616536,1,1,1,0,1
2018-05-07,0.0,0,1,1,1,0
2018-05-08,0.0096658769263295,1,1,0,1,0
2018-05-09,0.0093505076311037,1,1,1,0,0
2018-05-10,0.0030510077247942,1,1,1,0,0
2018-05-11,0.0004769968612619,1,1,1,0,0
2018-05-14,-0.0068875364426125,0,1,1,1,1
2018-05-15,0.0042051667746805,1,1,0,1,1
2018-05-16,-0.0008443409886152,0,1,1,0,0
2018-05-17,-0.0025003506740706,0,1,0,0,1
2018-05-18,0.0075186420429791,1,1,0,1,1
2018-05-21,-0.0027801013365018,0,1,1,0,0
2018-05-22,0.0027509565162171,1,1,0,1,1
2018-05-23,-0.002048247783329,0,1,1,1,1
2018-05-24,-0.0023828188285394,0,1,0,1,1
2018-05-25,-0.0115010942912261,0,1,0,1,1
2018-05-29,0.0133448323548075,1,1,0,1,1
2018-05-30,-0.0061260855069933,0,1,1,0,0
2018-05-31,0.0098179126012944,1,1,0,1,1
2018-06-01,0.0047512600731984,1,1,1,0,0
2018-06-04,0.000727729347153,1,1,1,0,0
2018-06-05,0.0083604732867219,1,1,1,1,0
2018-06-06,-0.0001079634394605,0,1,1,0,0
2018-06-07,0.002956083532281,1,1,0,1,1
2018-06-08,0.0013302155576475,1,1,1,0,1
2018-06-11,0.0012922168930711,1,1,1,0,0
2018-06-12,-0.003190653774622,0,1,1,1,1
2018-06-13,0.002517443904356,1,1,0,1,1
2018-06-14,-0.0012757775731083,0,1,1,1,1
2018-06-15,-0.0020565628795812,0,1,0,1,1
2018-06-18,-0.003832828217931,0,1,0,1,1
2018-06-19,0.0017059047701024,1,1,0,1,1
2018-06-20,-0.0062687497010226,0,1,1,1,1
2018-06-21,0.001823404571275,1,1,0,1,0
2018-06-22,-0.0136134766267483,0,1,1,1,0
2018-06-25,0.0022143737659412,1,1,0,1,1
2018-06-26,-0.0082841583120527,0,1,1,1,0
2018-06-27,0.0057173284479943,1,1,0,1,1
2018-06-28,0.0014399269939899,1,1,1,1,1
2018-06-29,0.0021377578801473,1,1,1,1,1
2018-07-02,-0.0035312186339916,0,1,1,0,1
2018-07-03,0.0081579704426653,1,1,0,0,1
2018-07-05,0.0084582094584511,1,1,1,0,1
2018-07-06,0.0090040628225704,1,1,1,0,0
2018-07-09,0.0035989676092293,1,1,1,0,0
2018-07-10,-0.0073143097960907,0,1,1,0,0
2018-07-11,0.009065665506847,1,1,0,1,1
2018-07-12,0.0007876520246137,1,1,1,0,0
2018-07-13,-0.0008944723568529,0,1,1,0,1
2018-07-16,0.0040451712226101,1,1,0,0,1
2018-07-17,0.0021035973456353,1,1,1,0,1
2018-07-18,-0.0037712788629025,0,1,1,1,1
2018-07-19,-0.0011428741660337,0,1,0,1,1
2018-07-20,0.00185935708172,1,1,0,1,1
2018-07-23,0.0050322406362659,1,1,1,1,1
2018-07-24,0.0085224887363541,1,1,1,1,1
2018-07-25,-0.0023595463413531,0,1,1,0,1
2018-07-26,-0.0067761094439938,0,1,0,1,1
2018-07-27,-0.0052237862688766,0,1,0,1,1
2018-07-30,0.0049298651575993,1,1,0,1,1
2018-07-31,-0.0016707984326324,0,1,1,1,1
2018-08-01,0.005447988170335,1,1,0,1,0
2018-08-02,0.0042847181052547,1,1,1,1,1
2018-08-03,0.0036668866721696,1,1,1,1,1
2018-08-06,0.0033024360029281,1,1,1,0,1
2018-08-07,-0.000420445135953,0,1,1,0,0
2018-08-08,-0.0013658290732803,0,1,0,1,1
2018-08-09,-0.0067002225931134,0,1,0,1,1
2018-08-10,-0.0037434917527967,0,1,0,1,1
2018-08-13,0.0063807498853447,1,1,0,1,1
2018-08-14,-0.0074672861187299,0,1,1,0,0
2018-08-15,0.0080911708861455,1,1,0,1,1
2018-08-16,0.0035206783504886,1,1,1,1,0
2018-08-17,0.0021397352561285,1,1,1,1,1
2018-08-20,0.0023456547019635,1,1,1,1,0
2018-08-21,-0.0005938739438005,0,1,1,1,1
2018-08-22,-0.0013281725672802,0,1,0,1,1
2018-08-23,0.0060186763133374,1,1,0,1,0
2018-08-24,0.0078949693577508,1,1,1,0,1
2018-08-27,0.000483637966175,1,1,1,0,1
2018-08-28,0.0053808139427744,1,1,1,0,0
2018-08-29,-0.0040485121398602,0,1,1,0,0
2018-08-30,3.4314058410256365e-05,1,1,0,1,1
2018-08-31,-0.0017219367234855,0,1,1,1,1
2018-09-04,-0.0026914280345243,0,1,0,1,1
2018-09-05,-0.0030104251331828,0,1,0,1,1
2018-09-06,-0.0019432742388654,0,1,0,1,1
2018-09-07,0.0017386414531097,1,1,0,1,1
2018-09-10,0.0032972904551575,1,1,1,1,1
2018-09-11,0.0002421315301877,1,1,1,0,1
2018-09-12,0.0059144833459974,1,1,1,1,1
2018-09-13,0.000172087277642,1,1,1,1,0
2018-09-14,-0.0052940912291944,0,1,1,1,1
2018-09-17,0.0054257897629763,1,1,0,1,1
2018-09-18,0.0010656524366399,1,1,1,1,0
2018-09-19,0.0081037825779328,1,1,1,0,1
2018-09-20,-0.0009137805813583,0,1,1,1,0
2018-09-21,-0.0033217859543932,0,1,0,1,1
2018-09-24,-0.0009274508472274,0,1,0,1,1
2018-09-25,-0.0029925251190602,0,1,0,1,1
2018-09-26,0.0027942413958943,1,1,0,1,1
2018-09-27,0.0001034031560389,1,1,1,1,1
2018-09-28,0.0034740340328809,1,1,1,1,1
2018-10-01,-0.0005828037033617,0,1,1,1,0
2018-10-02,0.0005487786937818,1,1,0,1,1
2018-10-03,-0.0078157190203903,0,1,1,1,1
2018-10-04,-0.0055970967601969,0,1,0,1,1
2018-10-05,0.0,0,1,0,1,1
2018-10-08,-0.0014589202047244,0,1,0,1,1
2018-10-09,-0.0316633646001398,0,1,0,1,1
2018-10-10,-0.0220265210664202,0,1,0,1,0
2018-10-11,0.013888117571942,1,1,0,1,1
2018-10-12,-0.0056166156674724,0,1,1,1,1
2018-10-15,0.021865833615837,1,1,0,1,1
2018-10-16,0.0001783570373812,1,1,1,0,1
2018-10-17,-0.0144413462007275,0,1,1,1,1
2018-10-18,-0.0005426284557417,0,1,0,1,1
2018-10-19,-0.00448839997245,0,1,0,1,1
2018-10-22,-0.0050907522886924,0,1,0,1,1
2018-10-23,-0.0302991198315308,0,1,0,1,1
2018-10-24,0.0179409168652378,1,1,0,1,1
2018-10-25,-0.0175875518514048,0,1,1,1,0
2018-10-26,-0.0055401033349962,0,1,0,1,1
2018-10-29,0.0148182431274348,1,1,0,1,1
2018-10-30,0.0106812424371074,1,1,1,1,1
2018-10-31,0.0106415802399886,1,1,1,1,1
2018-11-01,-0.0059228367692104,0,1,1,0,1
2018-11-02,0.0055170495521685,1,1,0,1,1
2018-11-05,0.0063275676931451,1,1,1,1,0
2018-11-06,0.0214090130353445,1,1,1,0,0
2018-11-07,-0.0018149876291082,0,1,1,0,0
2018-11-08,-0.0097682814593056,0,1,0,0,0
2018-11-09,-0.018684919048427,0,1,0,1,1
2018-11-12,-0.0018713763758924,0,1,0,1,1
2018-11-13,-0.0068365731660449,0,1,0,1,0
2018-11-14,0.0104364726989074,1,1,0,1,1
2018-11-15,0.0026006914900971,1,1,1,0,1
2018-11-16,-0.016914171405979,0,1,1,1,1
2018-11-19,-0.0185062999430729,0,1,0,1,0
2018-11-20,0.0034073388316713,1,1,0,1,1
2018-11-21,-0.0066786356359065,0,1,1,1,0
2018-11-23,0.0161444202199936,1,1,0,1,0
2018-11-26,0.0033645419899444,1,1,1,1,0
2018-11-27,0.0230250482927196,1,1,1,1,1
2018-11-28,-0.0021850257566861,0,1,1,0,1
2018-11-29,0.0060952753569352,1,1,0,1,0
2018-11-30,0.0132414408982124,1,1,1,1,1
2018-12-03,-0.0324020948305363,0,1,1,1,1
2018-12-04,-0.0015175203321632,0,1,0,1,0
2018-12-06,-0.0232358511757516,0,1,0,1,1
2018-12-07,0.0018971332620738,1,1,0,1,1
2018-12-10,0.0002270689883014,1,1,1,1,1
2018-12-11,0.0050354351813897,1,1,1,0,0
2018-12-12,-0.0003391108857697,0,1,1,1,0
2018-12-13,-0.0184646351643645,0,1,0,1,0
2018-12-14,-0.01961854081471,0,1,0,1,1
2018-12-17,-0.0010964036361714,0,1,0,1,1
2018-12-18,-0.0149758558732099,0,1,0,1,1
2018-12-19,-0.0162777549412296,0,1,0,1,1
2018-12-20,-0.0204895621843925,0,1,0,1,1
2018-12-21,-0.0264229431157232,0,1,0,1,1
2018-12-24,0.0505247478781278,1,1,0,1,1
2018-12-26,0.0076775619374069,1,1,1,0,1
2018-12-27,-0.0012901166598802,0,1,1,0,1
2018-12-28,0.0087587624630092,1,1,0,1,1
2018-12-31,0.0010404649762563,1,1,1,1,1
2019-01-02,-0.0238627323767052,0,1,1,1,1
2019-01-03,0.0334957354174256,1,1,0,1,1
2019-01-04,0.0078844813260061,1,1,1,0,1
2019-01-07,0.0093953289957655,1,1,1,0,1
2019-01-08,0.0046736685780683,1,1,1,0,0
2019-01-09,0.0035272947632098,1,1,1,0,0
2019-01-10,0.000386627434656,1,1,1,0,0
2019-01-11,-0.0061011231440922,0,1,1,0,0
2019-01-14,0.0114606177937508,1,1,0,0,0
2019-01-15,0.0024198774298276,1,1,1,0,0
2019-01-16,0.0075868668245826,1,1,1,0,0
2019-01-17,0.0133099369108706,1,1,1,0,1
2019-01-18,-0.0135104183923538,0,1,1,0,1
2019-01-22,0.0020925018586066,1,1,0,0,1
2019-01-23,0.0005312444108929,1,1,1,0,0
2019-01-24,0.0084615489162971,1,1,1,0,0
2019-01-25,-0.0076002133496803,0,1,1,0,1
2019-01-28,-0.001326930731422,0,1,0,0,1
2019-01-29,0.0158308762308014,1,1,0,0,1
2019-01-30,0.0087822364127478,1,1,1,0,1
2019-01-31,0.0004815726883766,1,1,1,0,1
2019-02-01,0.00703543404114,1,1,1,0,0
2019-02-04,0.0041917945942251,1,1,1,0,1
2019-02-05,-0.0013180247678482,0,1,1,0,1
2019-02-06,-0.0095329718110287,0,1,0,0,1
2019-02-07,0.0012217171285069,1,1,0,0,1
2019-02-08,0.0005543960879097,1,1,1,0,1
2019-02-11,0.0128594510731809,1,1,1,0,1
2019-02-12,0.0032472274389039,1,1,1,0,1
2019-02-13,-0.0022182881648312,0,1,1,0,0
2019-02-14,0.0108970909593657,1,1,0,0,1
2019-02-15,0.0017305376775214,1,1,1,0,0
2019-02-19,0.0020153397626858,1,1,1,0,0
2019-02-20,-0.0035557292773912,0,1,1,0,0
2019-02-21,0.0061999395979626,1,1,0,0,0
2019-02-22,0.0013611818744543,1,1,1,0,0
2019-02-25,-0.000715241758549,0,1,1,0,0
2019-02-26,-0.0004295377095819,0,1,0,0,0
2019-02-27,-0.0018628833999205,0,1,0,0,0
2019-02-28,0.0062442550344228,1,1,0,1,1
2019-03-01,-0.0036378427124958,0,1,1,1,1
2019-03-04,-0.0013600985224382,0,1,0,1,1
2019-03-05,-0.0060569188989073,0,1,0,1,1
2019-03-06,-0.0083650530608389,0,1,0,1,1
2019-03-07,-0.0020000540840129,0,1,0,1,1
2019-03-08,0.0145011281900726,1,1,0,1,1
2019-03-11,0.0037708543757739,1,1,1,0,1
2019-03-12,0.006619610211533,1,1,1,1,0
2019-03-13,-0.0006400441367938,0,1,1,1,1
2019-03-14,0.0049405415728516,1,1,0,1,0
2019-03-15,0.0036258253518732,1,1,1,1,1
2019-03-18,0.0002478779398737,1,1,1,0,0
2019-03-19,-0.0030099994353318,0,1,1,1,1
2019-03-20,0.0112948254090896,1,1,0,1,1
2019-03-21,-0.0192461800486732,0,1,1,0,1
2019-03-22,-0.0007521396878111,0,1,0,1,0
2019-03-25,0.0074545750431522,1,1,0,1,1
2019-03-26,-0.0052295308500274,0,1,1,1,0
2019-03-27,0.0037904196351241,1,1,0,1,1
2019-03-28,0.006305247443938,1,1,1,0,0
2019-03-29,0.0118593613494524,1,1,1,1,1
2019-04-01,0.0004899230097219,1,1,1,0,1
2019-04-02,0.0015736844799436,1,1,1,0,0
2019-04-03,0.0026533914875415,1,1,1,0,1
2019-04-04,0.0048404816023734,1,1,1,0,0
2019-04-05,0.0007618623904448,1,1,1,0,1
2019-04-08,-0.0051246901299555,0,1,1,0,0
2019-04-09,0.0034110855136855,1,1,0,1,0
2019-04-10,-0.000277567056419,0,1,1,0,0
2019-04-11,0.0067657488501515,1,1,0,1,0
2019-04-12,-0.0006549148756979,0,1,1,1,1
2019-04-15,0.0006553440702781,1,1,0,1,0
2019-04-16,-0.0024470054470893,0,1,1,1,1
2019-04-17,0.0019695641613248,1,1,0,1,1
2019-04-18,0.0008619301496959,1,1,1,1,1
2019-04-22,0.008991690590177,1,1,1,1,0
2019-04-23,-0.0022193666119265,0,1,1,0,0
2019-04-24,-0.0006157570342221,0,1,0,1,0
2019-04-25,0.0046562608845825,1,1,0,1,1
2019-04-26,0.0015678134292758,1,1,1,1,0
2019-04-29,0.0005108452327333,1,1,1,1,1
2019-04-30,-0.007516911375601,0,1,1,1,1
2019-05-01,-0.0021589503792915,0,1,0,1,1
2019-05-02,0.0097881449543608,1,1,0,1,1
2019-05-03,-0.004115378453215,0,1,1,1,0
2019-05-06,-0.0166996968246739,0,1,0,1,0
2019-05-07,-0.0013889807995079,0,1,0,1,1
2019-05-08,-0.0030263426471922,0,1,0,1,1
2019-05-09,0.0050236704927131,1,1,0,1,1
2019-05-10,-0.0251299035985386,0,1,1,1,1
2019-05-13,0.0090432892533223,1,1,0,1,1
2019-05-14,0.0058576382907007,1,1,1,1,1
2019-05-15,0.009260999037405,1,1,1,1,1
2019-05-16,-0.0064651350909128,0,1,1,1,1
2019-05-17,-0.0066118878285417,0,1,0,1,1
2019-05-20,0.0090157515492648,1,1,0,1,1
2019-05-21,-0.003071495185126,0,1,1,1,1
2019-05-22,-0.0122186574322739,0,1,0,1,1
2019-05-23,0.0022684577178031,1,1,0,1,1
2019-05-24,-0.0093007772997927,0,1,1,1,1
2019-05-28,-0.0067105355201567,0,1,0,1,1
2019-05-29,0.0027313487013707,1,1,0,1,1
2019-05-30,-0.0134755459259438,0,1,1,1,1
2019-05-31,-0.0025429093982956,0,1,0,1,1
2019-06-03,0.0217068514940499,1,1,0,1,1
2019-06-04,0.0086620800239627,1,1,1,1,1
2019-06-05,0.0065027361004839,1,1,1,1,1
2019-06-06,0.0100068769290866,1,1,1,0,1
2019-06-07,0.0045889845007682,1,1,1,0,0
2019-06-10,-0.0002421233797273,0,1,1,0,1
2019-06-11,-0.0017655774471641,0,1,0,0,1
2019-06-12,0.0041264961021583,1,1,0,0,1
2019-06-13,-0.0011050878493233,0,1,1,0,0
2019-06-14,0.0003804336403379,1,1,0,0,1
2019-06-17,0.0104708575997405,1,1,1,0,0
2019-06-18,0.0022571604034686,1,1,1,0,1
2019-06-19,0.0095544069818098,1,1,1,0,1
2019-06-20,-0.0014536927734031,0,1,1,0,1
2019-06-21,-0.0012243833706434,0,1,0,1,0
2019-06-24,-0.0098079954362573,0,1,0,0,0
2019-06-25,-0.0009971638140897,0,1,0,1,1
2019-06-26,0.0035456874824002,1,1,0,1,1
2019-06-27,0.0051459302567595,1,1,1,0,0
2019-06-28,0.0090785542558946,1,1,1,0,1
2019-07-01,0.0026042113229463,1,1,1,0,0
2019-07-02,0.0079955302930965,1,1,1,1,1
2019-07-03,-0.0011382002725708,0,1,1,0,1
2019-07-05,-0.0054947730574923,0,1,0,0,1
2019-07-08,0.0012463432437264,1,1,0,1,1
2019-07-09,0.0047779761129627,1,1,1,1,1
2019-07-10,0.0023446327108069,1,1,1,1,0
2019-07-11,0.0044766107758464,1,1,1,0,0
2019-07-12,0.0003326587222802,1,1,1,0,0
2019-07-15,-0.0032252332865922,0,1,1,0,0
2019-07-16,-0.0068048495122988,0,1,0,1,0
2019-07-17,0.0036606122279161,1,1,0,1,1
2019-07-18,-0.0055544778934426,0,1,1,1,1
2019-07-19,0.0024564245391318,1,1,0,1,1
2019-07-22,0.0071497101539386,1,1,1,1,0
2019-07-23,0.0046996285426756,1,1,1,1,0
2019-07-24,-0.0047769907884575,0,1,1,1,0
2019-07-25,0.0067001488208406,1,1,0,1,1
2019-07-26,-0.0018214391954912,0,1,1,1,1
2019-07-29,-0.0024545443435322,0,1,0,1,0
2019-07-30,-0.0109406743227409,0,1,0,1,0
2019-07-31,-0.0087078758621708,0,1,0,1,1
2019-08-01,-0.0075293118003353,0,1,0,1,1
2019-08-02,-0.0300732469189178,0,1,0,1,1
2019-08-05,0.0140229832493992,1,1,0,1,1
2019-08-06,0.000590851907215,1,1,1,1,1
2019-08-07,0.019619934846309,1,1,1,1,1
2019-08-08,-0.0068116616365531,0,1,1,1,1
2019-08-09,-0.0121732655944865,0,1,0,1,1
2019-08-12,0.0155519093932845,1,1,0,1,1
2019-08-13,-0.0295678122152774,0,1,1,1,1
2019-08-14,0.0026416053074029,1,1,0,1,1
2019-08-15,0.0147553453454238,1,1,1,1,1
2019-08-16,0.0120476626776147,1,1,1,1,1
2019-08-19,-0.0076625233788361,0,1,1,1,1
2019-08-20,0.0081354362606285,1,1,0,1,1
2019-08-21,-0.0003078914876671,0,1,1,1,0
2019-08-22,-0.0256870297182514,0,1,0,1,0
2019-08-23,0.0110577820431538,1,1,0,1,1
2019-08-26,-0.0039232512579017,0,1,1,1,0
2019-08-27,0.0070415714755325,1,1,0,1,0
2019-08-28,0.0127727921859575,1,1,1,0,1
2019-08-29,-0.0004441880335166,0,1,1,0,0
2019-08-30,-0.0058472800433732,0,1,0,0,0
2019-09-03,0.0113505233668373,1,1,0,1,1
2019-09-04,0.012855423699063,1,1,1,0,1
2019-09-05,0.0007723058499131,1,1,1,0,1
2019-09-06,0.0005032841045573,1,1,1,0,0
2019-09-09,-0.0002346268679047,0,1,1,0,1
2019-09-10,0.0071106357510826,1,1,0,0,1
2019-09-11,0.0034638543366509,1,1,1,0,1
2019-09-12,-0.0006639041016439,0,1,1,0,1
2019-09-13,-0.0030885651356866,0,1,0,0,1
2019-09-16,0.0025320626401172,1,1,0,1,1
2019-09-17,0.0005977765005542,1,1,1,1,0
2019-09-18,-6.634251258519352e-05,0,1,1,1,1
2019-09-19,-0.0047250004602746,0,1,0,1,1
2019-09-20,-0.0002341625839548,0,1,0,1,1
2019-09-23,-0.0078474120835659,0,1,0,1,1
2019-09-24,0.0059153948435086,1,1,0,1,1
2019-09-25,-0.0020836482111792,0,1,1,1,1
2019-09-26,-0.0053869736375417,0,1,0,1,0
2019-09-27,0.004637793667612,1,1,0,1,1
2019-09-30,-0.0118947840871254,0,1,1,1,1
2019-10-01,-0.017664742659224,0,1,0,1,1
2019-10-02,0.008192950304215,1,1,0,1,1
2019-10-03,0.0135320585448133,1,1,1,1,1
2019-10-04,-0.0043147488652481,0,1,1,1,1
2019-10-07,-0.0155245962613131,0,1,0,1,1
2019-10-08,0.0094964413998201,1,1,0,1,1
2019-10-09,0.006763322076531,1,1,1,1,1
2019-10-10,0.0103669917607445,1,1,1,1,1
2019-10-11,-0.0011136480883396,0,1,1,1,1
2019-10-14,0.0098999748305721,1,1,0,1,0
2019-10-15,-0.0016057914306006,0,1,1,0,0
2019-10-16,0.0029488550552163,1,1,0,1,0
2019-10-17,-0.0043770015352949,0,1,1,0,0
2019-10-18,0.0067792598908995,1,1,0,1,0
2019-10-21,-0.003266877991096,0,1,1,0,0
2019-10-22,0.002909871181856,1,1,0,0,1
2019-10-23,0.0016337574086779,1,1,1,0,0
2019-10-24,0.0040949810691555,1,1,1,0,0
2019-10-25,0.0056364584161849,1,1,1,0,1
2019-10-28,-0.0002969546672133,0,1,1,0,0
2019-10-29,0.0030678526041516,1,1,0,1,0
2019-10-30,-0.0026637713271786,0,1,1,0,1
2019-10-31,0.0092641365346253,1,1,0,1,1
2019-11-01,0.0040175803345723,1,1,1,1,0
2019-11-04,-0.0011059768613965,0,1,1,0,1
2019-11-05,0.0002277082848667,1,1,0,1,1
2019-11-06,0.0035171715735322,1,1,1,1,0
2019-11-07,0.0024656401554032,1,1,1,1,1
2019-11-08,-0.0019095063445834,0,1,1,1,1
2019-11-11,0.0021078142976105,1,1,0,1,0
2019-11-12,0.0003238148040636,1,1,1,1,1
2019-11-13,0.0014558241455864,1,1,1,1,1
2019-11-14,0.0072358237947458,1,1,1,1,1
2019-11-15,0.0007379803036196,1,1,1,1,1
2019-11-18,-0.0002883322277362,0,1,1,1,1
2019-11-19,-0.0037187680327028,0,1,0,1,0
2019-11-20,-0.0016088779838022,0,1,0,1,1
2019-11-21,0.0022237015332122,1,1,0,1,1
2019-11-22,0.0077504853114702,1,1,1,1,1
2019-11-25,0.002265692035088,1,1,1,1,0
2019-11-26,0.0044568680769834,1,1,1,1,0
2019-11-27,-0.0037079572790936,0,1,1,1,1
2019-11-29,-0.0084949923421863,0,1,0,1,1
2019-12-02,-0.0067064454316982,0,1,0,1,1
2019-12-03,0.0061699163240354,1,1,0,1,1
2019-12-04,0.0017981333375389,1,1,1,1,0
2019-12-05,0.0091342226416493,1,1,1,1,0
2019-12-06,-0.0031443352119704,0,1,1,1,0
2019-12-09,-0.0011148736862369,0,1,0,1,0
2019-12-10,0.0028387449300653,1,1,0,1,1
2019-12-11,0.008619035690542,1,1,1,1,1
2019-12-12,0.0005990934136961,1,1,1,1,0
2019-12-13,0.0068700222953668,1,1,1,1,0
2019-12-16,0.000218926195967,1,1,1,1,0
2019-12-17,6.243137023709266e-05,1,1,1,1,1
2019-12-18,0.0040993689561548,1,1,1,1,1
2019-12-19,0.0043840597829956,1,1,1,1,0
2019-12-20,0.0015273840375007,1,1,1,1,0
2019-12-23,3.137243457396188e-05,1,1,1,1,1
2019-12-24,0.005323453723619,1,1,1,1,0
2019-12-26,-0.0002478802146594,0,1,1,1,0
2019-12-27,-0.0055130987555526,0,1,0,1,0
2019-12-30,0.0024292425876661,1,1,0,1,1
2019-12-31,0.0093516127116275,1,1,1,1,0
2020-01-02,-0.007572166999487,0,1,1,1,0
2020-01-03,0.0038150749406409,1,1,0,1,1
2020-01-06,-0.0028115092915944,0,1,1,1,1
2020-01-07,0.0053294169541291,1,1,0,1,0
2020-01-08,0.0067805956708408,1,1,1,1,1
2020-01-09,-0.0028775396016583,0,1,1,1,1
2020-01-10,0.0068770966695461,1,1,0,1,1
2020-01-13,-0.0015244867299315,0,1,1,1,1
2020-01-14,0.0022599060681489,1,1,0,1,1
2020-01-15,0.0083185090319932,1,1,1,1,1
2020-01-16,0.0031122583135954,1,1,1,1,0
2020-01-17,-0.0019579616663925,0,1,1,1,0
2020-01-21,0.0001206610284079,1,1,0,1,1
2020-01-22,0.0011465456510484,1,1,1,1,0
2020-01-23,-0.0088927860641534,0,1,1,1,0
2020-01-24,-0.0160295586899323,0,1,0,1,1
2020-01-27,0.0104791590427002,1,1,0,1,1
2020-01-28,-0.0008258083176299,0,1,1,1,1
2020-01-29,0.003245588427037,1,1,0,1,1
2020-01-30,-0.0181581011522302,0,1,1,1,1
2020-01-31,0.007428368596682,1,1,0,1,1
2020-02-03,0.0152413518766751,1,1,1,1,1
2020-02-04,0.0115480532646465,1,1,1,1,1
2020-02-05,0.0033648880858379,1,1,1,1,1
2020-02-06,-0.0053294368684676,0,1,1,1,1
2020-02-07,0.0074648466183597,1,1,0,1,0
2020-02-10,0.0017333165406934,1,1,1,0,0
2020-02-11,0.0064426285005547,1,1,1,1,0
2020-02-12,-0.0010670466254922,0,1,1,1,0
2020-02-13,0.0016023789745469,1,1,0,1,1
2020-02-14,-0.0025772380532749,0,1,1,1,1
2020-02-18,0.0047812242889135,1,1,0,1,1
2020-02-19,-0.0041080520095315,0,1,1,1,1
2020-02-20,-0.010298235894028,0,1,0,1,1
2020-02-21,-0.0331655590363797,0,1,0,1,1
2020-02-24,-0.0303020013488739,0,1,0,1,1
2020-02-25,-0.0036783449567963,0,1,0,1,0
2020-02-26,-0.0449117586901844,0,1,0,1,1
2020-02-27,-0.0042012210808052,0,1,0,1,1
2020-02-28,0.0433063209149438,1,1,0,1,1
2020-03-02,-0.0286325785254198,0,1,1,1,1
2020-03-03,0.042033094749228,1,1,0,1,1
2020-03-04,-0.0332418020462914,0,1,1,1,1
2020-03-05,-0.0165306353998611,0,1,0,1,1
2020-03-06,-0.0780946108021667,0,1,0,1,1
2020-03-09,0.0517445853842917,1,1,0,1,1
2020-03-10,-0.0487481311058283,0,1,1,1,1
2020-03-11,-0.0956774434811671,0,1,0,1,1
2020-03-12,0.0854865671512894,1,1,0,1,1
2020-03-13,-0.109423828668261,0,1,1,1,1
2020-03-16,0.0539919737576772,1,1,0,1,1
2020-03-17,-0.0506329231272694,0,1,1,1,1
2020-03-18,0.0021249973582264,1,1,0,1,1
2020-03-19,-0.0430940130190342,0,1,1,1,1
2020-03-20,-0.0255684440411614,0,1,0,1,1
2020-03-23,0.0906034469695753,1,1,0,1,1
2020-03-24,0.0149698727870863,1,1,1,1,1
2020-03-25,0.0583899550503621,1,1,1,0,1
2020-03-26,-0.0297856477000559,0,1,1,0,1
2020-03-27,0.0324757859927593,1,1,0,1,1
2020-03-30,-0.0149055636866712,0,1,1,1,1
2020-03-31,-0.0450048053843549,0,1,0,1,1
2020-04-01,0.0230754803929575,1,1,0,1,1
2020-04-02,-0.0144540950758167,0,1,1,1,1
2020-04-03,0.0671661416799076,1,1,0,1,1
2020-04-06,0.0010195998546533,1,1,1,0,0
2020-04-07,0.0335684596618455,1,1,1,0,0
2020-04-08,0.0152167944252437,1,1,1,0,0
2020-04-09,-0.0091296434858575,0,1,1,1,0
2020-04-13,0.0294930091577367,1,1,0,1,1
2020-04-14,-0.0212483177002853,0,1,1,0,0
2020-04-15,0.0048242047494664,1,1,0,1,1
2020-04-16,0.0270153432209176,1,1,1,1,0
2020-04-17,-0.0176178352321404,0,1,1,1,0
2020-04-20,-0.0303631426063881,0,1,0,1,1
2020-04-21,0.0221943675698705,1,1,0,1,1
2020-04-22,-7.155324017227294e-05,0,1,1,1,1
2020-04-23,0.0139387933912753,1,1,0,1,1
2020-04-24,0.0144180450873114,1,1,1,1,1
2020-04-27,-0.0045982156057101,0,1,1,1,0
2020-04-28,0.0261785142370154,1,1,0,1,0
2020-04-29,-0.0093106254874115,0,1,1,1,0
2020-04-30,-0.0264733416062525,0,1,0,1,0
2020-05-01,0.0027580468042884,1,1,0,1,0
2020-05-04,0.00923921521309,1,1,1,1,0
2020-05-05,-0.0067788366596583,0,1,1,1,1
2020-05-06,0.0120669674362954,1,1,0,1,1
2020-05-07,0.0165462938023479,1,1,1,1,1
2020-05-08,0.0002053230104268,1,1,1,0,0
2020-05-11,-0.0199318158025297,0,1,1,0,0
2020-05-12,-0.0176857700167193,0,1,0,0,0
2020-05-13,0.0119674117626475,1,1,0,1,1
2020-05-14,0.0045968534849167,1,1,1,0,1
2020-05-15,0.0304596525809599,1,1,1,0,1
2020-05-18,-0.0102711600236893,0,1,1,0,1
2020-05-19,0.0169879623143316,1,1,0,0,1
2020-05-20,-0.0069038927463053,0,1,1,0,0
2020-05-21,0.0018992119613556,1,1,0,0,1
2020-05-22,0.0123202373964799,1,1,1,0,1
2020-05-26,0.0148789491865251,1,1,1,0,0
2020-05-27,-0.0018447596839465,0,1,1,0,0
2020-05-28,0.0044556882147606,1,1,0,0,0
2020-05-29,0.0040416358601258,1,1,1,0,0
2020-06-01,0.0082804713229245,1,1,1,0,0
2020-06-02,0.0133082715214958,1,1,1,0,0
2020-06-03,-0.00262665485333,0,1,1,0,0
2020-06-04,0.0256291186982566,1,1,0,0,0
2020-06-05,0.0120876424693547,1,1,1,0,0
2020-06-08,-0.0074565021924618,0,1,1,0,0
2020-06-09,-0.0055798392846915,0,1,0,0,0
2020-06-10,-0.057649340044703,0,1,0,0,0
2020-06-11,0.0119760419371286,1,1,0,1,0
2020-06-12,0.0093354565067114,1,1,1,1,0
2020-06-15,0.0192479172588011,1,1,1,1,1
2020-06-16,-0.00415414096385,0,1,1,0,1
2020-06-17,0.0003848944519877,1,1,0,1,0
2020-06-18,-0.0057147218862393,0,1,1,1,0
2020-06-19,0.006415509918261,1,1,0,1,1
2020-06-22,0.0046033304133779,1,1,1,1,0
2020-06-23,-0.0255087303458367,0,1,1,1,0
2020-06-24,0.010720573211099,1,1,0,1,1
2020-06-25,-0.0237514732201438,0,1,1,1,1
2020-06-26,0.0146979467140071,1,1,0,1,1
2020-06-29,0.0128092991990023,1,1,1,1,1
2020-06-30,0.0070048779019973,1,1,1,1,1
2020-07-01,0.0055071217786368,1,1,1,1,1
2020-07-02,0.0154372482492068,1,1,1,1,1
2020-07-06,-0.010314016271393,0,1,1,1,0
2020-07-07,0.0076484981656044,1,1,0,1,1
2020-07-08,-0.0056926747962445,0,1,1,0,1
2020-07-09,0.0102104018449031,1,1,0,0,1
2020-07-10,-0.0086590240843911,0,1,1,0,0
2020-07-13,0.0129590508056554,1,1,0,0,1
2020-07-14,0.0091873414233365,1,1,1,0,1
2020-07-15,-0.0032936544872117,0,1,1,0,1
2020-07-16,0.0028989735156563,1,1,0,1,1
2020-07-17,0.0080816728959889,1,1,1,1,0
2020-07-20,0.0021275495701067,1,1,1,0,1
2020-07-21,0.0056920768525199,1,1,1,0,1
2020-07-22,-0.0119314717482466,0,1,1,0,0
2020-07-23,-0.0064405126799133,0,1,0,1,0
2020-07-24,0.0072925444901601,1,1,0,1,1
2020-07-27,-0.0063422385087681,0,1,1,1,1
2020-07-28,0.0122983422883318,1,1,0,1,0
2020-07-29,-0.003567836752816,0,1,1,1,1
2020-07-30,0.0079023255257297,1,1,0,1,0
2020-07-31,0.0069520307846071,1,1,1,1,1
2020-08-03,0.0038625297024632,1,1,1,1,1
2020-08-04,0.0062109069835831,1,1,1,1,0
2020-08-05,0.0066847470345003,1,1,1,1,1
2020-08-06,0.0007178175966213,1,1,1,0,1
2020-08-07,0.0029888603147574,1,1,1,1,0
2020-08-10,-0.0082545190104373,0,1,1,0,0
2020-08-11,0.0139422054370796,1,1,0,1,1
2020-08-12,-0.0018076627932578,0,1,1,0,0
2020-08-13,2.95149077338408e-05,1,1,0,1,0
2020-08-14,0.003176694142595,1,1,1,1,0
2020-08-17,0.0021603529292348,1,1,1,1,0
2020-08-18,-0.0041635295285024,0,1,1,1,0
2020-08-19,0.0031135682494454,1,1,0,1,0
2020-08-20,0.0035473748720624,1,1,1,1,0
2020-08-21,0.0101330258590024,1,1,1,1,0
2020-08-24,0.0034994728516166,1,1,1,0,0
2020-08-25,0.0100253814805617,1,1,1,0,0
2020-08-26,0.00218678641744,1,1,1,0,0
2020-08-27,0.006459091122712,1,1,1,0,0
2020-08-28,-0.0036224582391239,0,1,1,0,0
2020-08-31,0.0094187842716748,1,1,0,1,1
2020-09-01,0.014463959459561,1,1,1,0,0
2020-09-02,-0.0344143211038582,0,1,1,0,0
2020-09-03,-0.0081648008134578,0,1,0,0,0
2020-09-04,-0.0273225772251268,0,1,0,1,0
2020-09-08,0.0197472551045889,1,1,0,1,1
2020-09-09,-0.0173638147474858,0,1,1,1,1
2020-09-10,0.0005091489500861,1,1,0,1,1
2020-09-11,0.0131712200073665,1,1,1,1,1
2020-09-14,0.0050523114261133,1,1,1,1,1
2020-09-15,-0.0039683803784554,0,1,1,1,1
2020-09-16,-0.0087954227965645,0,1,0,1,1
2020-09-17,-0.011512676376817,0,1,0,1,1
2020-09-18,-0.0111294828428498,0,1,0,1,1
2020-09-21,0.0101842128347853,1,1,0,1,1
2020-09-22,-0.0231909002327423,0,1,1,1,1
2020-09-23,0.0026654390608815,1,1,0,1,1
2020-09-24,0.0161670329490939,1,1,1,1,1
2020-09-25,0.0166092415425624,1,1,1,1,1
2020-09-28,-0.0054458947296895,0,1,1,1,1
2020-09-29,0.0075818889488477,1,1,0,1,1
2020-09-30,0.0064200951936312,1,1,1,1,1
2020-10-01,-0.0094944800456978,0,1,1,1,1
2020-10-02,0.017733135398793,1,1,0,1,1
2020-10-05,-0.0142161080011533,0,1,1,0,0
2020-10-06,0.0174066896227811,1,1,0,1,1
2020-10-07,0.008862360268854,1,1,1,1,0
2020-10-08,0.0089303476090882,1,1,1,1,1
2020-10-09,0.0160874550357359,1,1,1,0,1
2020-10-12,-0.0065263240703973,0,1,1,0,0
2020-10-13,-0.006283091789079,0,1,0,1,1
2020-10-14,-0.0012357059247574,0,1,0,1,1
2020-10-15,-0.0006043701001784,0,1,0,1,0
2020-10-16,-0.0152038300110416,0,1,0,1,1
2020-10-19,0.0040059911329688,1,1,0,1,1
2020-10-20,-0.0018928263496191,0,1,1,1,0
2020-10-21,0.0054851798927522,1,1,0,1,0
2020-10-22,0.0033952525463916,1,1,1,1,1
2020-10-23,-0.0184801670528752,0,1,1,1,0
2020-10-26,-0.0034470846970445,0,1,0,1,1
2020-10-27,-0.0341790410745146,0,1,0,1,1
2020-10-28,0.0101633649825769,1,1,0,1,0
2020-10-29,-0.0104248009878464,0,1,1,1,1
2020-10-30,0.0112088171338069,1,1,0,1,1
2020-11-02,0.0176556287749864,1,1,1,1,1
2020-11-03,0.0223493132419292,1,1,1,1,1
2020-11-04,0.0195025354189559,1,1,1,0,0
2020-11-05,-0.0002284351214099,0,1,1,0,0
2020-11-06,0.0125660482930187,1,1,0,0,0
2020-11-09,-0.0014667364722511,0,1,1,0,0
2020-11-10,0.0074286390850288,1,1,0,0,0
2020-11-11,-0.0097007785293975,0,1,1,0,0
2020-11-12,0.0138445602246077,1,1,0,0,1
2020-11-13,0.0124824530599192,1,1,1,0,0
2020-11-16,-0.0053784750664047,0,1,1,0,0
2020-11-17,-0.0120347990484188,0,1,0,0,0
2020-11-18,0.004210082222827,1,1,0,1,1
2020-11-19,-0.0068477461378104,0,1,1,1,1
2020-11-20,0.0059943098086181,1,1,0,1,1
2020-11-23,0.016113923495451,1,1,1,1,1
2020-11-24,-0.0015418111896943,0,1,1,0,0
2020-11-25,0.0027853158048833,1,1,0,1,1
2020-11-27,-0.004427481844402,0,1,1,1,0
2020-11-30,0.0109375643833908,1,1,0,1,1
2020-12-01,0.0021035359549363,1,1,1,1,0
2020-12-02,-0.0002724798092279,0,1,1,1,0
2020-12-03,0.0086176773820263,1,1,0,1,0
2020-12-04,-0.0020551584575451,0,1,1,0,0
2020-12-07,0.002926196830332,1,1,0,1,0
2020-12-08,-0.0089688461728795,0,1,1,1,0
2020-12-09,-0.0003270482487488,0,1,0,1,0
2020-12-10,-0.0011726287972396,0,1,0,1,1
2020-12-11,-0.0044768814003076,0,1,0,1,1
2020-12-14,0.0135191008144297,1,1,0,1,1
2020-12-15,0.0015693566700383,1,1,1,1,1
2020-12-16,0.005592076079198,1,1,1,1,1
2020-12-17,-0.0039930408851103,0,1,1,1,1
2020-12-18,-0.0035754989077559,0,1,0,1,0
2020-12-21,-0.0016852986439792,0,1,0,0,1
2020-12-22,0.0008986190209752,1,1,0,1,1
2020-12-23,0.0038903408333426,1,1,1,1,0
2020-12-24,0.0085908871558608,1,1,1,1,1
2020-12-28,-0.0019079259065959,0,1,1,1,0
2020-12-29,0.0014267121209037,1,1,0,1,0
2020-12-30,0.0050811360504881,1,1,1,1,0
2020-12-31,-0.0136139337341534,0,1,1,1,1
2021-01-04,0.0068872802942703,1,1,0,1,1
2021-01-05,0.0059784442856982,1,1,1,1,1
2021-01-06,0.0148576391830828,1,1,1,1,1
2021-01-07,0.0056975178834735,1,1,1,0,1
2021-01-08,-0.0067407210670743,0,1,1,1,1
2021-01-11,0.0002110708757254,1,1,0,1,1
2021-01-12,0.002693015340712,1,1,1,1,1
2021-01-13,-0.0035020055965628,0,1,1,1,1
2021-01-14,-0.007292711300789,0,1,0,1,1
2021-01-15,0.0078522684238662,1,1,0,1,1
2021-01-19,0.0138385797041569,1,1,1,1,1
2021-01-20,0.000911525909955,1,1,1,1,1
2021-01-21,-0.0035396274127729,0,1,1,1,1
2021-01-22,0.0039438854924671,1,1,0,1,1
2021-01-25,-0.0015607546891042,0,1,1,1,1
2021-01-26,-0.0244404347896829,0,1,0,1,1
2021-01-27,0.0086003562158256,1,1,0,1,1
2021-01-28,-0.0200197651076659,0,1,1,1,1
2021-01-29,0.0166454128133604,1,1,0,1,1
2021-02-01,0.0141405714600197,1,1,1,1,1
2021-02-02,0.0007860995276425,1,1,1,1,0
2021-02-03,0.0113657343392254,1,1,1,1,1
2021-02-04,0.0039359531263376,1,1,1,1,1
2021-02-05,0.0072218850735756,1,1,1,1,0
2021-02-08,-0.0006660586237633,0,1,1,1,0
2021-02-09,-0.0004354079102584,0,1,0,1,1
2021-02-10,0.001615081213671,1,1,0,1,1
2021-02-11,0.0049396353710933,1,1,1,1,1
2021-02-12,-0.0008660172681129,0,1,1,1,1
2021-02-16,0.0002294681315764,1,1,0,1,1
2021-02-17,-0.0042557871292299,0,1,1,1,1
2021-02-18,-0.0017661170164399,0,1,0,1,1
2021-02-19,-0.0076916847746538,0,1,0,1,1
2021-02-22,0.0012145090265311,1,1,0,1,1
2021-02-23,0.0110194402936527,1,1,1,1,1
2021-02-24,-0.0240961207284188,0,1,1,1,1
2021-02-25,-0.0051527790122983,0,1,0,1,1
2021-02-26,0.0242403787296712,1,1,0,1,1
2021-03-01,-0.0078031554798237,0,1,1,0,1
2021-03-02,-0.0132458490288659,0,1,0,1,1
2021-03-03,-0.0123744771550964,0,1,0,1,1
2021-03-04,0.018396567544513,1,1,0,1,1
2021-03-05,-0.004978880281386,0,1,1,0,1
2021-03-08,0.0142776356360747,1,1,0,1,1
2021-03-09,0.006224335143657,1,1,1,1,1
2021-03-10,0.0101393356143963,1,1,1,1,1
2021-03-11,0.0013465316766503,1,1,1,1,1
2021-03-12,0.0059637953708837,1,1,1,1,1
2021-03-15,-0.0012614671007471,0,1,1,1,0
2021-03-16,0.0034100555713372,1,1,0,1,1
2021-03-17,-0.0145496696675231,0,1,1,1,1
2021-03-18,-0.0018502519151689,0,1,0,1,1
2021-03-19,0.007984734524588,1,1,0,1,1
2021-03-22,-0.0078705834201486,0,1,1,1,1
2021-03-23,-0.0050838012225815,0,1,0,1,1
2021-03-24,0.0056259465761627,1,1,0,1,1
2021-03-25,0.0161147065222106,1,1,1,1,1
2021-03-26,-0.0005050576497868,0,1,1,0,1
2021-03-29,-0.0026530373731213,0,1,0,1,1
2021-03-30,0.0040534223168609,1,1,0,1,1
2021-03-31,0.010799267639483,1,1,1,1,1
2021-04-01,0.0143529346924013,1,1,1,1,1
2021-04-05,-0.0005906684541769,0,1,1,1,0
2021-04-06,0.0011572715687326,1,1,0,1,1
2021-04-07,0.0047467653269799,1,1,1,1,1
2021-04-08,0.0072703434699021,1,1,1,1,1
2021-04-09,0.0003644559154027,1,1,1,1,1
2021-04-12,0.0029637663213262,1,1,1,1,1
2021-04-13,-0.0034147398121557,0,1,1,1,1
2021-04-14,0.0107422196893081,1,1,0,1,1
2021-04-15,0.00334228811327,1,1,1,1,1
2021-04-16,-0.0049131191272012,0,1,1,1,0
2021-04-19,-0.0073214879414547,0,1,0,1,1
2021-04-20,0.0094620483251082,1,1,0,1,1
2021-04-21,-0.0091330611080278,0,1,1,1,1
2021-04-22,0.0108423520063567,1,1,0,1,1
2021-04-23,0.0020876549381041,1,1,1,1,1
2021-04-26,-0.0002155630734179,0,1,1,1,1
2021-04-27,-0.0002872440195614,0,1,0,1,1
2021-04-28,0.0063727475356312,1,1,0,1,1
2021-04-29,-0.0065704843380918,0,1,1,1,1
2021-04-30,0.0021566823908567,1,1,0,1,1
2021-05-03,-0.0061693464368691,0,1,1,1,1
2021-05-04,0.0003127546353185,1,1,0,1,1
2021-05-05,0.0079855932009742,1,1,1,1,1
2021-05-06,0.0072780488247208,1,1,1,1,1
2021-05-07,-0.0099022310188938,0,1,1,1,1
2021-05-10,-0.0089247720171169,0,1,0,1,1
2021-05-11,-0.021245435266796,0,1,0,1,1
2021-05-12,0.0120126797995083,1,1,0,1,1
2021-05-13,0.0153554055994074,1,1,1,1,1
2021-05-14,-0.0025447115491608,0,1,1,1,1
2021-05-17,-0.008615594397727,0,1,0,1,1
2021-05-18,-0.0026218044844315,0,1,0,1,1
2021-05-19,0.0107579693696948,1,1,0,1,1
2021-05-20,-0.0008188132036232,0,1,1,1,1
2021-05-21,0.010194367759249,1,1,0,1,1
2021-05-24,-0.0022188042152825,0,1,1,1,0
2021-05-25,0.0019845322873228,1,1,0,1,1
2021-05-26,0.0005247574433207,1,1,1,1,1
2021-05-27,0.0017890054838978,1,1,1,1,1
2021-05-28,-0.0008809728885584,0,1,1,1,1
2021-06-01,0.0015728803271466,1,1,0,1,1
2021-06-02,-0.0037115457965144,0,1,1,1,1
2021-06-03,0.0091459100261048,1,1,0,1,1
2021-06-04,-0.0009700523280984,0,1,1,1,1
2021-06-07,0.000213224562942,1,1,0,1,1
2021-06-08,-0.0014922537554393,0,1,1,1,1
2021-06-09,0.0046484695874156,1,1,0,1,1
2021-06-10,0.001652364655466,1,1,1,1,1
2021-06-11,0.0022391760931377,1,1,1,1,1
2021-06-14,-0.0018342206834554,0,1,1,1,1
2021-06-15,-0.0055834651208808,0,1,0,1,1
2021-06-16,-0.0003314610556541,0,1,0,1,1
2021-06-17,-0.0134904585818109,0,1,0,1,0
2021-06-18,0.0143160657170207,1,1,0,1,1
2021-06-21,0.0053460049773257,1,1,1,0,1
2021-06-22,-0.0012052639893157,0,1,1,1,1
2021-06-23,0.0059155317206307,1,1,0,1,1
2021-06-24,0.0035523190118886,1,1,1,1,1
2021-06-25,0.0020157900106612,1,1,1,1,1
2021-06-28,0.0005381277858327,1,1,1,1,1
2021-06-29,0.000841760930887,1,1,1,1,1
2021-06-30,0.0055366396188731,1,1,1,1,1
2021-07-01,0.0076433313324242,1,1,1,1,1
2021-07-02,-0.0018211865936698,0,1,1,1,1
2021-07-06,0.0035339262881926,1,1,0,1,1
2021-07-07,-0.0081479731752324,0,1,1,1,1
2021-07-08,0.0106748719515465,1,1,0,1,1
2021-07-09,0.0035818850899833,1,1,1,0,1
2021-07-12,-0.0034089336892473,0,1,1,1,1
2021-07-13,0.0014922372479568,1,1,0,1,1
2021-07-14,-0.0034157220818517,0,1,1,1,1
2021-07-15,-0.0078436194013148,0,1,0,1,1
2021-07-16,-0.0147678208573384,0,1,0,1,1
2021-07-19,0.0143303294175551,1,1,0,1,0
2021-07-20,0.0080964977517177,1,1,1,0,0
2021-07-21,0.0020939216311113,1,1,1,1,1
2021-07-22,0.0102880929978943,1,1,1,1,1
2021-07-23,0.0024548758111606,1,1,1,1,1
2021-07-26,-0.0045576740973163,0,1,1,1,0
2021-07-27,-0.0004097400162779,0,1,0,1,1
2021-07-28,0.0041470722124061,1,1,0,1,1
2021-07-29,-0.0048564922832234,0,1,1,1,1
2021-07-30,-0.0020977979041678,0,1,0,1,1
2021-08-02,0.0081354319446658,1,1,0,1,1
2021-08-03,-0.0049188595783534,0,1,1,1,1
2021-08-04,0.0063327703890043,1,1,0,1,1
2021-08-05,0.0016523355842938,1,1,1,1,0
2021-08-06,-0.0008135517277587,0,1,1,1,1
2021-08-09,0.0012441044250119,1,1,0,1,0
2021-08-10,0.0024847483055514,1,1,1,1,0
2021-08-11,0.002996939857468,1,1,1,1,1
2021-08-12,0.0018199918734904,1,1,1,1,1
2021-08-13,0.0023545884562925,1,1,1,1,1
2021-08-16,-0.0065551675281312,0,1,1,1,1
2021-08-17,-0.0109450861751629,0,1,0,1,0
2021-08-18,0.001548216183439,1,1,0,1,1
2021-08-19,0.0079569349057413,1,1,1,1,1
2021-08-20,0.0087967365061287,1,1,1,1,1
2021-08-23,0.0015875569873533,1,1,1,1,1
2021-08-24,0.0020981051672208,1,1,1,1,1
2021-08-25,-0.0059029813634507,0,1,1,1,0
2021-08-26,0.0089408538765687,1,1,0,1,1
2021-08-27,0.0043975976527388,1,1,1,1,1
2021-08-30,-0.0014815898383153,0,1,1,1,1
2021-08-31,0.0005314015355761,1,1,0,1,1
2021-09-01,0.0030767193839971,1,1,1,1,1
2021-09-02,-0.0002427340456221,0,1,1,1,1
2021-09-03,-0.0035754491255739,0,1,0,1,1
2021-09-07,-0.0012183209432734,0,1,0,1,1
2021-09-08,-0.0042802229556754,0,1,0,1,1
2021-09-09,-0.0078845402402378,0,1,0,1,1
2021-09-10,0.0025591486080853,1,1,0,1,1
2021-09-13,-0.0053963789731175,0,1,1,1,1
2021-09-14,0.0083526285065149,1,1,0,1,1
2021-09-15,-0.0015852863266229,0,1,1,1,1
2021-09-16,-0.0097410591587306,0,1,0,1,1
2021-09-17,-0.0166743402851106,0,1,0,1,1
2021-09-20,-0.0009443975978375,0,1,0,1,1
2021-09-21,0.0097546395898608,1,1,0,1,1
2021-09-22,0.0121501382866724,1,1,1,1,1
2021-09-23,0.0016471428922897,1,1,1,1,1
2021-09-24,-0.0028608962430747,0,1,1,1,1
2021-09-27,-0.0201516737778456,0,1,0,1,1
2021-09-28,0.0016829188984828,1,1,0,1,1
2021-09-29,-0.0122222794089608,0,1,1,1,1
2021-09-30,0.0118840898695093,1,1,0,1,1
2021-10-01,-0.0128958755414442,0,1,1,1,1
2021-10-04,0.0104050410726903,1,1,0,1,1
2021-10-05,0.0041559050961748,1,1,1,1,1
2021-10-06,0.0086456209213818,1,1,1,1,1
2021-10-07,-0.0018237897118523,0,1,1,1,1
2021-10-08,-0.0072398036668955,0,1,0,1,1
2021-10-11,-0.0024613163684801,0,1,0,1,1
2021-10-12,0.0035976506958148,1,1,0,1,0
2021-10-13,0.0168206709794906,1,1,1,1,1
2021-10-14,0.0076156562793894,1,1,1,1,0
2021-10-15,0.0029605184396588,1,1,1,1,1
2021-10-18,0.0077149050752036,1,1,1,1,1
2021-10-19,0.0039277001557256,1,1,1,1,0
2021-10-20,0.0026082224547421,1,1,1,1,0
2021-10-21,-0.0010361547693757,0,1,1,1,1
2021-10-22,0.0053628500308366,1,1,0,1,1
2021-10-25,0.00089987669653,1,1,1,1,1
2021-10-26,-0.0044300942604078,0,1,1,1,0
2021-10-27,0.0096488853146965,1,1,0,1,1
2021-10-28,0.002029049812136,1,1,1,1,1
2021-10-29,0.001720477050384,1,1,1,1,1
2021-11-01,0.0040429971991569,1,1,1,1,1
2021-11-02,0.0061052205970899,1,1,1,1,1
2021-11-03,0.0047124607519639,1,1,1,0,1
2021-11-04,0.0034697562728871,1,1,1,1,1
2021-11-05,0.0008535505989062,1,1,1,0,1
2021-11-08,-0.0033053732617501,0,1,1,1,0
2021-11-09,-0.0080448735179836,0,1,0,1,1
2021-11-10,0.0003233572996366,1,1,0,1,1
2021-11-11,0.0075469627117468,1,1,1,1,0
2021-11-12,0.0003425638669511,1,1,1,1,1
2021-11-15,0.0039577017922738,1,1,1,1,1
2021-11-16,-0.0024292208952806,0,1,1,1,1
2021-11-17,0.0033963982090743,1,1,0,1,1
2021-11-18,-0.0017881754533614,0,1,1,1,1
2021-11-19,-0.0028151030853196,0,1,0,1,1
2021-11-22,0.001325939129732,1,1,0,1,1
2021-11-23,0.0026699173393425,1,1,1,1,0
2021-11-24,-0.022303286507823,0,1,1,1,1
2021-11-26,0.0122667631485526,1,1,0,1,1
2021-11-29,-0.0194577473812065,0,1,1,1,1
2021-11-30,-0.0111071427065967,0,1,0,1,1
2021-12-01,0.0153162954152983,1,1,0,1,1
2021-12-02,-0.0087014333103588,0,1,1,1,1
2021-12-03,0.0118433679788103,1,1,0,1,1
2021-12-06,0.0206848682610585,1,1,1,1,1
2021-12-07,0.0026479967304908,1,1,1,0,1
2021-12-08,-0.006751618548664,0,1,1,1,0
2021-12-09,0.0094134761828121,1,1,0,1,1
2021-12-10,-0.0088582913989155,0,1,1,1,0
2021-12-13,-0.0068801813080234,0,1,0,1,1
2021-12-14,0.0156251108520708,1,1,0,1,1
2021-12-15,-0.0088185299997045,0,1,1,1,1
2021-12-16,-0.0106429625767572,0,1,0,1,1
2021-12-17,-0.0106332536059126,0,1,0,1,1
2021-12-20,0.0177590314087698,1,1,0,1,1
2021-12-21,0.0099987504451188,1,1,1,1,1
2021-12-22,0.0062218456422218,1,1,1,1,1
2021-12-23,0.01415219143523,1,1,1,1,1
2021-12-27,-0.0008172670185866,0,1,1,1,0
2021-12-28,0.0012793419734145,1,1,0,1,1
2021-12-29,-0.0027644261548663,0,1,1,1,1
2021-12-30,-0.0025204032645222,0,1,0,1,1
2021-12-31,0.0057901600807759,1,1,0,1,1
2022-01-03,-0.0003350584600632,0,1,1,1,1
2022-01-04,-0.0192020585936899,0,1,0,1,1
2022-01-05,-0.0009394707193561,0,1,0,1,1
2022-01-06,-0.0039534105010118,0,1,0,1,1
2022-01-07,-0.0012444239085543,0,1,0,1,1
2022-01-10,0.0091083009083636,1,1,0,1,1
2022-01-11,0.0027034491329698,1,1,1,1,1
2022-01-12,-0.0137785457811856,0,1,1,1,1
2022-01-13,0.0004090094918407,1,1,0,1,1
2022-01-14,-0.017709612274034,0,1,1,1,1
2022-01-18,-0.0103834476439543,0,1,0,1,1
2022-01-19,-0.0110681979102514,0,1,0,1,1
2022-01-20,-0.0196306692535297,0,1,0,1,1
2022-01-21,0.0042468739389571,1,1,0,1,0
2022-01-24,-0.0122090552108948,0,1,1,1,0
2022-01-25,-0.0025085858448243,0,1,0,1,1
2022-01-26,-0.004938186232875,0,1,0,1,1
2022-01-27,0.0248355013651841,1,1,0,1,1
2022-01-28,0.0180110111241416,1,1,1,0,0
2022-01-31,0.0067570227086308,1,1,1,0,1
2022-02-01,0.0097140978619048,1,1,1,1,1
2022-02-02,-0.0235050138876341,0,1,1,1,1
2022-02-03,0.0047021011302514,1,1,0,1,1
2022-02-04,-0.0032091893105088,0,1,1,1,1
2022-02-07,0.0082278107414259,1,1,0,1,1
2022-02-08,0.0146360612969533,1,1,1,1,1
2022-02-09,-0.0179656891065288,0,1,1,1,1
2022-02-10,-0.0197186982304047,0,1,0,1,1
2022-02-11,-0.003269299789003,0,1,0,1,1
2022-02-14,0.0161268421410354,1,1,0,1,1
2022-02-15,0.0011209690500431,1,1,1,1,0
2022-02-16,-0.0213613492748403,0,1,1,1,1
2022-02-17,-0.0064751074769142,0,1,0,1,1
2022-02-18,-0.0107317661967476,0,1,0,1,1
2022-02-22,-0.0177386598742211,0,1,0,1,1
2022-02-23,0.0150490661572573,1,1,0,1,1
2022-02-24,0.0220639952261809,1,1,1,0,0
2022-02-25,-0.0025583247133394,0,1,1,0,1
2022-02-28,-0.0152304297501582,0,1,0,1,1
2022-03-01,0.0183960228582911,1,1,0,1,1
2022-03-02,-0.0049782838919496,0,1,1,0,0
2022-03-03,-0.0081246399945927,0,1,0,1,1
2022-03-04,-0.0294791297442692,0,1,0,1,1
2022-03-07,-0.0075817276697798,0,1,0,1,1
2022-03-08,0.0268109259625046,1,1,0,1,1
2022-03-09,-0.0045156588421149,0,1,1,1,0
2022-03-10,-0.0127151031584227,0,1,0,1,1
2022-03-11,-0.0073082016888552,0,1,0,1,1
2022-03-14,0.0219902683060382,1,1,0,1,1
2022-03-15,0.0221743469099113,1,1,1,0,0
2022-03-16,0.0125109336186026,1,1,1,0,0
2022-03-17,0.0109526470416727,1,1,1,1,1
2022-03-18,-0.0002923327286165,0,1,1,0,1
2022-03-21,0.011701457812834,1,1,0,1,1
2022-03-22,-0.0128785381837215,0,1,1,1,1
2022-03-23,0.0150742781914159,1,1,0,1,1
2022-03-24,0.0048839163718141,1,1,1,1,1
2022-03-25,0.0071129214310952,1,1,1,1,1
2022-03-28,0.0123707979892346,1,1,1,1,1
2022-03-29,-0.0061747556084228,0,1,1,1,1
2022-03-30,-0.0153913639019153,0,1,0,1,1
2022-03-31,0.0028341435403356,1,1,0,1,1
2022-04-01,0.008566495207787,1,1,1,1,1
2022-04-04,-0.012631241874635,0,1,1,1,1
2022-04-05,-0.0099992293561539,0,1,0,1,1
2022-04-06,0.0050389242725432,1,1,0,1,1
2022-04-07,-0.0026740196804216,0,1,1,1,1
2022-04-08,-0.017092238212184,0,1,0,1,1
2022-04-11,-0.0037052667662714,0,1,0,1,1
2022-04-12,0.0114535547021823,1,1,0,1,1
2022-04-13,-0.0124518876327329,0,1,1,1,1
2022-04-14,0.0004112293682763,1,1,0,1,1
2022-04-18,0.0161426816385745,1,1,1,1,1
2022-04-19,-0.0007414932610642,0,1,1,1,1
2022-04-20,-0.0149534921376179,0,1,0,1,1
2022-04-21,-0.027439131955275,0,1,0,1,1
2022-04-22,0.0057975227090065,1,1,0,1,1
2022-04-25,-0.02896079727872,0,1,1,1,1
2022-04-26,0.0028116257379031,1,1,0,1,1
2022-04-27,0.0252594874179112,1,1,1,1,1
2022-04-28,-0.0369556722995518,0,1,1,1,1
2022-04-29,0.0060196538118313,1,1,0,1,1
2022-05-02,0.0045839114156251,1,1,1,1,1
2022-05-03,0.0304529697246236,1,1,1,1,1
2022-05-04,-0.0355427938330465,0,1,1,0,1
2022-05-05,-0.0059691010687249,0,1,0,1,1
2022-05-06,-0.0320171251849573,0,1,0,1,1
2022-05-09,0.0023105224226567,1,1,0,1,1
2022-05-10,-0.0158861098742409,0,1,1,1,1
2022-05-11,-0.001043887569028,0,1,0,1,1
2022-05-12,0.0239076720369875,1,1,0,1,1
2022-05-13,-0.0040575249049786,0,1,1,1,1
2022-05-16,0.020570456664833,1,1,0,1,1
2022-05-17,-0.0403116044030114,0,1,1,1,0
2022-05-18,-0.0061246557681398,0,1,0,1,1
2022-05-19,0.0004365243166792,1,1,0,1,1
2022-05-20,0.0187100749966431,1,1,1,1,1
2022-05-23,-0.0076336748434123,0,1,1,1,0
2022-05-24,0.0088348864240823,1,1,0,1,1
2022-05-25,0.019981386171999,1,1,1,1,1
2022-05-26,0.0245491252541312,1,1,1,0,0
2022-05-27,-0.0056109563066886,0,1,1,0,0
2022-05-31,-0.0080885441849812,0,1,0,1,1
2022-06-01,0.0190433547425954,1,1,0,1,1
2022-06-02,-0.0164115441659831,0,1,1,0,1
2022-06-03,0.0030450245906428,1,1,0,1,1
2022-06-06,0.0095921180731215,1,1,1,1,1
2022-06-07,-0.0108721993552305,0,1,1,1,1
2022-06-08,-0.0237828053131677,0,1,0,1,1
2022-06-09,-0.0289957887877935,0,1,0,1,1
2022-06-10,-0.0379681316572966,0,1,0,1,1
2022-06-13,-0.0030132095963314,0,1,0,1,1
2022-06-14,0.0142560939065474,1,1,0,1,1
2022-06-15,-0.0330958980639893,0,1,1,1,1
2022-06-16,0.0021557918055044,1,1,0,1,1
2022-06-17,0.0251734162515373,1,1,1,1,1
2022-06-21,-0.0018129294720564,0,1,1,0,1
2022-06-22,0.0098025777438703,1,1,0,1,1
2022-06-23,0.0317938762057208,1,1,1,1,1
2022-06-24,-0.0038196872562453,0,1,1,0,1
2022-06-27,-0.0204327930807191,0,1,0,1,1
2022-06-28,-0.0008144776403051,0,1,0,1,1
2022-06-29,-0.0081241595175309,0,1,0,1,1
2022-06-30,0.010576534864845,1,1,0,1,1
2022-07-01,0.0018884708613244,1,1,1,1,1
2022-07-05,0.0033773820257363,1,1,1,1,1
2022-07-06,0.0149771229512321,1,1,1,1,1
2022-07-07,-0.0008223408558154,0,1,1,1,1
2022-07-08,-0.0114237600790877,0,1,0,1,1
2022-07-11,-0.0088489643251252,0,1,0,1,1
2022-07-12,-0.0052517008873018,0,1,0,1,1
2022-07-13,-0.0024283170973868,0,1,0,1,1
2022-07-14,0.0191047809403357,1,1,0,1,1
2022-07-15,-0.0082567597920966,0,1,1,1,0
2022-07-18,0.0270191699026709,1,1,0,1,1
2022-07-19,0.0063730342486163,1,1,1,0,0
2022-07-20,0.0101833166627454,1,1,1,1,1
2022-07-21,-0.0092782068661749,0,1,1,0,1
2022-07-22,0.001214955441448,1,1,0,1,1
2022-07-25,-0.0118309118647281,0,1,1,1,1
2022-07-26,0.0259662668813225,1,1,0,1,1
2022-07-27,0.0125425558312355,1,1,1,0,0
2022-07-28,0.0145788763312337,1,1,1,1,1
2022-07-29,-0.0029614760400428,0,1,1,0,0
2022-08-01,-0.0065972526743464,0,1,0,1,0
2022-08-02,0.0156595021792635,1,1,0,1,1
2022-08-03,-0.0006757340927696,0,1,1,0,1
2022-08-04,-0.0016902054830937,0,1,0,1,1
2022-08-05,-0.0011607912316814,0,1,0,1,1
2022-08-08,-0.0039711395085895,0,1,0,1,1
2022-08-09,0.021004117205184,1,1,0,1,1
2022-08-10,0.0,0,1,1,1,0
2022-08-11,0.0169290741640442,1,1,0,1,1
2022-08-12,0.0041206560908235,1,1,1,0,1
2022-08-15,0.0019587118084227,1,1,1,1,0
2022-08-16,-0.0070979506247502,0,1,1,1,0
2022-08-17,0.0029062004451283,1,1,0,1,1
2022-08-18,-0.0134377217923071,0,1,1,1,0
2022-08-19,-0.0208224815382843,0,1,0,1,1
2022-08-22,-0.0024193799632999,0,1,0,1,1
2022-08-23,0.0032010800600272,1,1,0,1,1
2022-08-24,0.014117635705384,1,1,1,1,1
2022-08-25,-0.0338491534181487,0,1,1,1,1
2022-08-26,-0.006612095807118,0,1,0,1,1
2022-08-29,-0.0109780222064788,0,1,0,1,1
2022-08-30,-0.0076088817771834,0,1,0,1,1
2022-08-31,0.0031376345718874,1,1,0,1,1
2022-09-01,-0.0105442329903945,0,1,1,1,1
2022-09-02,-0.0037731261979798,0,1,0,1,1
2022-09-06,0.017964894265001,1,1,0,1,1
2022-09-07,0.0065363016041861,1,1,1,1,1
2022-09-08,0.0155353197488239,1,1,1,1,1
2022-09-09,0.0107477100969517,1,1,1,1,1
2022-09-12,-0.0434825217368348,0,1,1,1,1
2022-09-13,0.0038157301511967,1,1,0,1,1
2022-09-14,-0.0113532562563454,0,1,1,1,1
2022-09-15,-0.007628934942255,0,1,0,1,1
2022-09-16,0.0077551076752255,1,1,0,1,1
2022-09-19,-0.0114787374964857,0,1,1,1,1
2022-09-20,-0.0174437124834757,0,1,0,1,1
2022-09-21,-0.0083998680421255,0,1,0,1,1
2022-09-22,-0.0167550110940677,0,1,0,1,1
2022-09-23,-0.0098925618307987,0,1,0,1,1
2022-09-26,-0.002552526215913,0,1,0,1,1
2022-09-27,0.0196761520262203,1,1,0,1,1
2022-09-28,-0.0208889136946289,0,1,1,0,0
2022-09-29,-0.0154636346258081,0,1,0,1,1
2022-09-30,0.0264013103663156,1,1,0,1,0
2022-10-03,0.0309866782156413,1,1,1,0,1
2022-10-04,-0.0023282836714252,0,1,1,0,0
2022-10-05,-0.010315817487617,0,1,0,1,1
2022-10-06,-0.0278938361166143,0,1,0,1,1
2022-10-07,-0.0076353087914755,0,1,0,1,1
2022-10-10,-0.0063328966238117,0,1,0,1,1
2022-10-11,-0.0032986605762066,0,1,0,1,1
2022-10-12,0.0263911961365208,1,1,0,1,1
2022-10-13,-0.0227888066875038,0,1,1,0,1
2022-10-14,0.0256970357249832,1,1,0,1,1
2022-10-17,0.0117496616263523,1,1,1,0,0
2022-10-18,-0.0070864556749873,0,1,1,0,1
2022-10-19,-0.008385340384836,0,1,0,1,1
2022-10-20,0.0243013398785745,1,1,0,1,1
2022-10-21,0.0122365282202716,1,1,1,0,0
2022-10-24,0.0159684077849247,1,1,1,1,1
2022-10-25,-0.0075339388338826,0,1,1,1,0
2022-10-26,-0.0053400691424222,0,1,0,1,1
2022-10-27,0.0237906689794562,1,1,0,1,1
2022-10-28,-0.0072232690787856,0,1,1,0,0
2022-10-31,-0.0043758220906914,0,1,0,1,1
2022-11-01,-0.0250961431105448,0,1,0,1,1
2022-11-02,-0.010296937364617,0,1,0,1,1
2022-11-03,0.0143931142167661,1,1,0,1,1
2022-11-04,0.0095657815204228,1,1,1,1,1
2022-11-07,0.0053954054034897,1,1,1,1,1
2022-11-08,-0.0206021299784584,0,1,1,1,1
2022-11-09,0.0549539723502445,1,1,0,1,1
2022-11-10,0.009678561097242,1,1,1,0,0
2022-11-11,-0.0085066264471844,0,1,1,1,0
2022-11-14,0.0085290557706296,1,1,0,1,0
2022-11-15,-0.0076287497351854,0,1,1,1,0
2022-11-16,-0.0030600719313924,0,1,0,1,0
2022-11-17,0.0045406802480978,1,1,0,1,1
2022-11-18,-0.003636154023705,0,1,1,1,1
2022-11-21,0.0134569509690274,1,1,0,1,1
2022-11-22,0.006301710316475,1,1,1,1,1
2022-11-23,-0.000223885026673,0,1,1,1,1
2022-11-25,-0.0159569343196575,0,1,0,1,1
2022-11-28,-0.0017176001087781,0,1,0,1,1
2022-11-29,0.0315006270060906,1,1,0,1,1
2022-11-30,-0.0007357372555245,0,1,1,0,1
2022-12-01,-0.0011538054092223,0,1,0,1,1
2022-12-02,-0.017989110813055,0,1,0,1,1
2022-12-05,-0.0144150360833262,0,1,0,1,1
2022-12-06,-0.0017010269663331,0,1,0,1,1
2022-12-07,0.0078339466236034,1,1,0,1,1
2022-12-08,-0.0074701804514782,0,1,1,1,1
2022-12-09,0.0144170679039494,1,1,0,1,1
2022-12-12,0.0075700460111371,1,1,1,1,1
2022-12-13,-0.0063936093419106,0,1,1,1,1
2022-12-14,-0.0244616374243561,0,1,0,1,1
2022-12-15,-0.0118061150689295,0,1,0,1,1
2022-12-16,-0.0084796806184046,0,1,0,1,1
2022-12-19,0.0013684528697155,1,1,0,1,1
2022-12-20,0.0149522304091755,1,1,1,1,1
2022-12-21,-0.0142659775701239,0,1,1,1,1
2022-12-22,0.005752208309127,1,1,0,1,1
2022-12-23,-0.0039436789238226,0,1,1,1,1
2022-12-27,-0.0124279159535982,0,1,0,1,1
2022-12-28,0.018000528403018,1,1,0,1,1
2022-12-29,-0.0026341695582156,0,1,1,1,1
2022-12-30,-0.0042098460189815,0,1,0,1,1
2023-01-03,0.0077202855997788,1,1,0,1,1
2023-01-04,-0.0114135325339361,0,1,1,1,1
2023-01-05,0.0229322839248131,1,1,0,1,1
2023-01-06,-0.0005670503062853,0,1,1,0,1
2023-01-09,0.007012784179742,1,1,0,1,1
2023-01-10,0.0126478387395454,1,1,1,1,1
2023-01-11,0.0036409854844743,1,1,1,0,1
2023-01-12,0.0038794321593838,1,1,1,0,1
2023-01-13,-0.0018320671580157,0,1,1,1,1
2023-01-17,-0.0157879056771227,0,1,0,1,1
2023-01-18,-0.0072797274082654,0,1,0,1,1
2023-01-19,0.0186288680730766,1,1,0,1,1
2023-01-20,0.0119985772106685,1,1,1,0,0
2023-01-23,-0.0010731613895794,0,1,1,1,1
2023-01-24,0.0003749054661632,1,1,0,1,1
2023-01-25,0.0109902357025293,1,1,1,1,1
2023-01-26,0.0022978740584282,1,1,1,0,0
2023-01-27,-0.0125469844179738,0,1,1,1,1
2023-01-30,0.0147031641142247,1,1,0,1,1
2023-01-31,0.0106279677369331,1,1,1,0,1
2023-02-01,0.0145569027234426,1,1,1,0,1
2023-02-02,-0.0106290482751353,0,1,1,0,1
2023-02-03,-0.0061113726811161,0,1,0,1,1
2023-02-06,0.0130786116132612,1,1,0,1,1
2023-02-07,-0.0109347266433643,0,1,1,0,1
2023-02-08,-0.008669279844484,0,1,0,1,1
2023-02-09,0.0023338229176581,1,1,0,1,1
2023-02-10,0.0117390126999188,1,1,1,1,1
2023-02-13,-0.0004602282184604,0,1,1,1,1
2023-02-14,0.0032473674937159,1,1,0,1,1
2023-02-15,-0.0137688008074061,0,1,1,1,0
2023-02-16,-0.0024982167041566,0,1,0,1,1
2023-02-17,-0.0200611001235309,0,1,0,1,1
2023-02-21,-0.0013781570937543,0,1,0,1,1
2023-02-22,0.0053194696915155,1,1,0,1,1
2023-02-23,-0.010682377892125,0,1,1,1,1
2023-02-24,0.0034058619248646,1,1,0,1,1
2023-02-27,-0.0036958637252865,0,1,1,1,1
2023-02-28,-0.0038359459368901,0,1,0,1,1
2023-03-01,0.0077771128046812,1,1,0,1,1
2023-03-02,0.0160379978809834,1,1,1,1,1
2023-03-03,0.0006928204409035,1,1,1,0,1
2023-03-06,-0.015328869758028,0,1,1,1,1
2023-03-07,0.0016322228747125,1,1,0,1,1
2023-03-08,-0.0184497933283921,0,1,1,1,1
2023-03-09,-0.0144295314869008,0,1,0,1,1
2023-03-10,-0.0014251424336076,0,1,0,1,0
2023-03-13,0.016529968757327,1,1,0,1,1
2023-03-14,-0.0062543909670185,0,1,1,1,1
2023-03-15,0.0175452807622062,1,1,0,1,1
2023-03-16,-0.0116928418085486,0,1,1,0,1
2023-03-17,0.0096155257196133,1,1,0,1,1
2023-03-20,0.0131307466548125,1,1,1,1,1
2023-03-21,-0.0170466627834946,0,1,1,1,1
2023-03-22,0.0027035729538589,1,1,0,1,1
2023-03-23,0.0065620721352435,1,1,1,1,1
2023-03-24,0.0018695985725782,1,1,1,1,1
2023-03-27,-0.0022446081610684,0,1,1,1,1
2023-03-28,0.0145350507706067,1,1,0,1,1
2023-03-29,0.0058550982410385,1,1,1,1,1
2023-03-30,0.0140947966294973,1,1,1,1,1
2023-03-31,0.00381040473561,1,1,1,0,1
2023-04-03,-0.0055481096775635,0,1,1,1,0
2023-04-04,-0.0026181372994082,0,1,0,1,1
2023-04-05,0.0039006967446584,1,1,0,1,1
2023-04-06,0.001026514310632,1,1,1,1,1
2023-04-10,0.0002684938218477,1,1,1,1,1
2023-04-11,-0.004075913303266,0,1,1,1,1
2023-04-12,0.013282542900205,1,1,0,1,1
2023-04-13,-0.0024425616599945,0,1,1,0,1
2023-04-14,0.0035881737345806,1,1,0,1,1
2023-04-17,0.0006522692240453,1,1,1,1,1
2023-04-18,-0.0001690250341274,0,1,1,1,1
2023-04-19,-0.0054569307142767,0,1,0,1,1
2023-04-20,0.0007767260095528,1,1,0,1,1
2023-04-21,0.0010432385147154,1,1,1,1,1
2023-04-24,-0.0158738328868586,0,1,1,1,1
2023-04-25,-0.004235452810972,0,1,0,1,1
2023-04-26,0.0199077564718648,1,1,0,1,1
2023-04-27,0.0085352440100991,1,1,1,0,0
2023-04-28,-0.0010095742527453,0,1,1,1,1
2023-05-01,-0.0112394302502688,0,1,0,1,1
2023-05-02,-0.0068639777143219,0,1,0,1,1
2023-05-03,-0.0070829289062358,0,1,0,1,1
2023-05-04,0.0185126077993746,1,1,0,1,1
2023-05-05,0.0002664516971153,1,1,1,1,0
2023-05-08,-0.0043851905261519,0,1,1,1,1
2023-05-09,0.0046724459773821,1,1,0,1,1
2023-05-10,-0.0017442590741864,0,1,1,1,1
2023-05-11,-0.0013101136733068,0,1,0,1,1
2023-05-12,0.0034501452733404,1,1,0,1,1
2023-05-15,-0.0066827227121963,0,1,1,1,1
2023-05-16,0.0121389367692603,1,1,0,1,1
2023-05-17,0.0096331955230033,1,1,1,1,1
2023-05-18,-0.0014550783797769,0,1,1,1,1
2023-05-19,0.0004061867374409,1,1,0,1,1
2023-05-22,-0.0112230716355195,0,1,1,1,1
2023-05-23,-0.0072447693962758,0,1,0,1,1
2023-05-24,0.0086599475742494,1,1,0,1,1
2023-05-25,0.0129508178243089,1,1,1,1,1
2023-05-26,0.0003809879662153,1,1,1,1,1
2023-05-30,-0.005545338537757,0,1,1,1,1
2023-05-31,0.0095011923476693,1,1,0,1,1
2023-06-01,0.0144610622773517,1,1,1,0,1
2023-06-02,-0.0019162840005554,0,1,1,0,1
2023-06-05,0.0021774620395784,1,1,0,1,1
2023-06-06,-0.0034577249686532,0,1,1,1,1
2023-06-07,0.0060487019344621,1,1,0,1,1
2023-06-08,0.0017943354331459,1,1,1,1,1
2023-06-09,0.0090715743801723,1,1,1,1,1
2023-06-12,0.0065931069764681,1,1,1,1,1
2023-06-13,0.0011907163010829,1,1,1,1,1
2023-06-14,0.012397725311585,1,1,1,1,1
2023-06-15,-0.0034061097916011,0,1,1,0,1
2023-06-16,-0.0051883644661151,0,1,0,1,1
2023-06-20,-0.0051236202356335,0,1,0,1,1
2023-06-21,0.0036097097061593,1,1,0,1,1
2023-06-22,-0.0075599980551566,0,1,1,1,1
2023-06-23,-0.0040857414890318,0,1,0,1,1
2023-06-26,0.0109632343725689,1,1,0,1,1
2023-06-27,0.0005044557107349,1,1,1,1,1
2023-06-28,0.0039412054463037,1,1,1,1,1
2023-06-29,0.0118009156115921,1,1,1,1,1
2023-06-30,0.0011504421616792,1,1,1,0,1
2023-07-03,-0.0014870966846252,0,1,1,1,1
2023-07-05,-0.0078308587130687,0,1,0,1,1
2023-07-06,-0.002524664308123,0,1,0,1,1
2023-07-07,0.0025310543707548,1,1,0,1,1
2023-07-10,0.0063687594964907,1,1,1,1,1
2023-07-11,0.0080457541682823,1,1,1,1,1
2023-07-12,0.0079368641712651,1,1,1,1,1
2023-07-13,-0.0006227452524482,0,1,1,1,1
2023-07-14,0.0034722866080416,1,1,0,1,1
2023-07-17,0.0074305059670503,1,1,1,1,1
2023-07-18,0.0022237158274738,1,1,1,0,1
2023-07-19,-0.0066344250648587,0,1,1,1,1
2023-07-20,0.0,0,1,0,1,1
2023-07-21,0.0044672711389581,1,1,0,1,1
2023-07-24,0.0027301361601883,1,1,1,1,1
2023-07-25,0.0001535719564254,1,1,1,1,1
2023-07-26,-0.0066299100970087,0,1,1,1,1
2023-07-27,0.0097903349197621,1,1,0,1,1
2023-07-28,0.0019040031346999,1,1,1,1,1
2023-07-31,-0.0028616484717137,0,1,1,1,1
2023-08-01,-0.0139107345264763,0,1,0,1,1
2023-08-02,-0.0028657295703292,0,1,0,1,1
2023-08-03,-0.0045228858617436,0,1,0,1,1
2023-08-04,0.0087284917760035,1,1,0,1,1
2023-08-07,-0.0043486563365989,0,1,1,1,1
2023-08-08,-0.0066853121559425,0,1,0,1,1
2023-08-09,0.0003590178941852,1,1,0,1,1
2023-08-10,-0.0005829460642049,0,1,1,1,1
2023-08-11,0.0055198226287138,1,1,0,1,1
2023-08-14,-0.0116487622421361,0,1,1,1,1
2023-08-15,-0.0073381579205229,0,1,0,1,1
2023-08-16,-0.0076198731306074,0,1,0,1,1
2023-08-17,0.000481301030234,1,1,0,1,1
2023-08-18,0.0065063033964274,1,1,1,1,1
2023-08-21,-0.0027085586950639,0,1,1,1,1
2023-08-22,0.0111376658559987,1,1,0,1,1
2023-08-23,-0.0138590005603518,0,1,1,1,1
2023-08-24,0.0070496526725187,1,1,0,1,1
2023-08-25,0.0063415923790302,1,1,1,1,1
2023-08-28,0.0144546857856175,1,1,1,1,1
2023-08-29,0.0041187996028597,1,1,1,0,1
2023-08-30,-0.0014634308054853,0,1,1,1,1
2023-08-31,0.0018651692980347,1,1,0,1,1
2023-09-01,-0.0043219844732917,0,1,1,1,1
2023-09-05,-0.0067223728955301,0,1,0,1,1
2023-09-06,-0.0030702312651044,0,1,0,1,1
2023-09-07,0.0015060549819017,1,1,0,1,1
2023-09-08,0.0065766468706729,1,1,1,1,1
2023-09-11,-0.0054856413725574,0,1,1,1,1
2023-09-12,0.001166038167099,1,1,0,1,1
2023-09-13,0.0086224069781202,1,1,1,1,1
2023-09-14,-0.0120482470068939,0,1,1,1,1
2023-09-15,0.0005863606921334,1,1,0,1,1
2023-09-18,-0.0020736864529731,0,1,1,1,1
2023-09-19,-0.0091935474900843,0,1,0,1,1
2023-09-20,-0.0165282178888286,0,1,0,1,1
2023-09-21,-0.0022486477088833,0,1,0,1,1
2023-09-22,0.0042052097782991,1,1,0,1,1
2023-09-25,-0.0146913258014325,0,1,1,1,0
2023-09-26,0.0003992031649857,1,1,0,1,1
2023-09-27,0.0057973975909042,1,1,1,1,1
2023-09-28,-0.0024269434552449,0,1,1,1,1
2023-09-29,-0.0003976351599567,0,1,0,1,1
2023-10-02,-0.0133860966611952,0,1,0,1,1
2023-10-03,0.0072819870065596,1,1,0,1,1
2023-10-04,-0.0003766382313598,0,1,1,1,1
2023-10-05,0.011872701405047,1,1,0,1,1
2023-10-06,0.0064022712810796,1,1,1,0,1
2023-10-09,0.0052047660202871,1,1,1,1,1
2023-10-10,0.0040961840887847,1,1,1,1,1
2023-10-11,-0.0060963858071438,0,1,1,1,1
2023-10-12,-0.0049808026408997,0,1,0,1,1
2023-10-13,0.0105214222175404,1,1,0,1,1
2023-10-16,-4.5968700599474666e-05,0,1,1,1,1
2023-10-17,-0.013325020458822,0,1,0,1,1
2023-10-18,-0.0087864511779689,0,1,0,1,1
2023-10-19,-0.0122879784823803,0,1,0,1,1
2023-10-20,-0.0017333044848953,0,1,0,1,1
2023-10-23,0.0075393926999887,1,1,0,1,1
2023-10-24,-0.0143521931252387,0,1,1,1,1
2023-10-25,-0.0119745400318809,0,1,0,1,1
2023-10-26,-0.0045328148572146,0,1,0,1,1
2023-10-27,0.0119558741773178,1,1,0,1,1
2023-10-30,0.0062802433956046,1,1,1,1,1
2023-10-31,0.0106646933225125,1,1,1,1,1
2023-11-01,0.0191644159598884,1,1,1,1,1
2023-11-02,0.0091234536210333,1,1,1,0,0
2023-11-03,0.0023003446377818,1,1,1,0,0
2023-11-06,0.002846046029685,1,1,1,1,1
2023-11-07,0.0007324117332967,1,1,1,1,1
2023-11-08,-0.007798757139632,0,1,1,1,1
2023-11-09,0.0156047889814137,1,1,0,1,1
2023-11-10,-0.0009531810779693,0,1,1,0,0
2023-11-13,0.0194007723651219,1,1,0,1,1
2023-11-14,0.0021170157133987,1,1,1,0,0
2023-11-15,0.0012233026841972,1,1,1,1,1
2023-11-16,0.0012436823823511,1,1,1,1,1
2023-11-17,0.0076976256679579,1,1,1,1,1
2023-11-20,-0.0021794936917677,0,1,1,1,1
2023-11-21,0.0038609035688479,1,1,0,1,0
2023-11-22,0.0006152604714813,1,1,1,1,0
2023-11-24,-0.0018008303162347,0,1,1,1,1
2023-11-27,0.0009900730848269,1,1,0,1,1
2023-11-28,-0.0007035020790052,0,1,1,1,1
2023-11-29,0.0039373580539927,1,1,0,1,1
2023-11-30,0.0059160028298437,1,1,1,1,1
2023-12-01,-0.0052494151139894,0,1,1,1,1
2023-12-04,-0.000196918178665,0,1,0,1,1
2023-12-05,-0.0040298403971106,0,1,0,1,1
2023-12-06,0.007630287287313,1,1,0,1,1
2023-12-07,0.0042992479364318,1,1,1,1,1
2023-12-08,0.0038895309022428,1,1,1,1,1
2023-12-11,0.004567280789175,1,1,1,1,1
2023-12-12,0.0137901994519642,1,1,1,1,0
2023-12-13,0.0032092307768687,1,1,1,0,1
2023-12-14,-0.0016463950775735,0,1,1,0,0
2023-12-15,0.0056250873739009,1,1,0,0,0
2023-12-18,0.0060807458678797,1,1,1,1,1
2023-12-19,-0.0138571311288725,0,1,1,1,1
2023-12-20,0.0094818109864209,1,1,0,1,1
2023-12-21,0.0020096634370745,1,1,1,1,1
2023-12-22,0.0042225350370117,1,1,1,1,1
2023-12-26,0.0018081671892047,1,1,1,1,1
2023-12-27,0.0003776462452236,1,1,1,1,1
2023-12-28,-0.0028949203595175,0,1,1,1,1
2023-12-29,-0.0055964496290761,0,1,0,1,1
2024-01-02,-0.0081665481484654,0,1,0,1,1
2024-01-03,-0.0032210750897243,0,1,0,1,1
2024-01-04,0.0013696012702297,1,1,0,1,1
2024-01-05,0.0142759174450461,1,1,1,1,0
2024-01-08,-0.0015171942610788,0,1,1,1,1
2024-01-09,0.0056555983484265,1,1,0,1,1
2024-01-10,-0.0004406730105988,0,1,1,1,1
2024-01-11,0.0006927160276115,1,1,0,1,1
2024-01-12,-0.0036712409500101,0,1,1,1,0
2024-01-16,-0.0055586288622798,0,1,0,1,1
2024-01-17,0.0088928103330867,1,1,0,1,1
2024-01-18,0.0124661487997979,1,1,1,1,1
2024-01-19,0.0021142565234921,1,1,1,1,1
2024-01-22,0.0029165437350526,1,1,1,1,1
2024-01-23,0.0010931331410748,1,1,1,1,1
2024-01-24,0.0054389067003466,1,1,1,1,1
2024-01-25,-0.0012703342048306,0,1,1,1,1
2024-01-26,0.0079193723017019,1,1,0,1,1
2024-01-29,-0.0007734280679261,0,1,1,1,1
2024-01-30,-0.0163173875887254,0,1,0,1,1
2024-01-31,0.0130881143796077,1,1,0,1,1
2024-02-01,0.0105274251977256,1,1,1,1,1
2024-02-02,-0.0036412595271685,0,1,1,1,1
2024-02-05,0.0029034456404497,1,1,0,1,1
2024-02-06,0.0083402406811901,1,1,1,1,1
2024-02-07,0.0004417505313125,1,1,1,1,1
2024-02-08,0.005779335948262,1,1,1,1,1
2024-02-09,-0.0004388927883461,0,1,1,1,1
2024-02-12,-0.0137729267172764,0,1,0,1,1
2024-02-13,0.0090876026570769,1,1,0,1,1
2024-02-14,0.0068997302180955,1,1,1,1,1
2024-02-15,-0.0049800362058063,0,1,1,1,1
2024-02-16,-0.0055052558007657,0,1,0,1,1
2024-02-20,0.0009057560569587,1,1,0,1,1
2024-02-21,0.02069536193536,1,1,1,1,1
2024-02-22,0.0006897819291753,1,1,1,0,1
2024-02-23,-0.0036625789483393,0,1,1,1,1
2024-02-26,0.001857686166417,1,1,0,1,1
2024-02-27,-0.0013215789091137,0,1,1,1,1
2024-02-28,0.0035949680507312,1,1,0,1,1
2024-02-29,0.0093882069517838,1,1,1,1,1
2024-03-01,-0.0010723377084645,0,1,1,1,1
2024-03-04,-0.0099941302687588,0,1,0,1,1
2024-03-05,0.0050671912522999,1,1,0,1,1
2024-03-06,0.0099264521994804,1,1,1,1,1
2024-03-07,-0.0060021481127923,0,1,1,1,1
2024-03-08,-0.0008599241494925,0,1,0,1,1
2024-03-11,0.010757350110865,1,1,0,1,1
2024-03-12,-0.0015675904447307,0,1,1,1,1
2024-03-13,-0.0019766394497165,0,1,0,1,1
2024-03-14,-0.0068667070661239,0,1,0,1,0
2024-03-15,0.0059432789114199,1,1,0,1,1
2024-03-18,0.005557149844622,1,1,1,1,1
2024-03-19,0.0092492200348091,1,1,1,1,1
2024-03-20,0.0033047319049641,1,1,1,1,1
2024-03-21,-0.00189587334709,0,1,1,1,1
2024-03-22,-0.0027627134879406,0,1,0,1,1
2024-03-25,-0.0018471526690915,0,1,0,1,1
2024-03-26,0.0084038659378111,1,1,0,1,1
2024-03-27,-0.0001910390065827,0,1,1,1,1
2024-03-28,-0.001739931551947,0,1,0,1,1
2024-04-01,-0.0063579569115291,0,1,0,1,1
2024-04-02,0.0010985353466099,1,1,0,1,1
2024-04-03,-0.0122060904524213,0,1,1,1,1
2024-04-04,0.0104467350593271,1,1,0,1,1
2024-04-05,0.0005594956015666,1,1,1,1,1
2024-04-08,0.0011566714639772,1,1,1,1,1
2024-04-09,-0.0100130451963912,0,1,1,1,1
2024-04-10,0.0075468629403736,1,1,0,1,1
2024-04-11,-0.0138030285273439,0,1,1,1,1
2024-04-12,-0.0125281667030781,0,1,0,1,1
2024-04-15,-0.0018237876332101,0,1,0,1,1
2024-04-16,-0.005918237768831,0,1,0,1,1
2024-04-17,-0.0020577057995383,0,1,0,1,1
2024-04-18,-0.0087284601684205,0,1,0,1,1
2024-04-19,0.0092092614286136,1,1,0,1,1
2024-04-22,0.0118666368385789,1,1,1,1,1
2024-04-23,-0.0004745903861016,0,1,1,1,1
2024-04-24,-0.0037990839287185,0,1,0,1,1
2024-04-25,0.0094740793816816,1,1,0,1,1
2024-04-26,0.0035414269005387,1,1,1,1,1
2024-04-29,-0.0158411647482608,0,1,1,1,1
2024-04-30,-0.0032473372515072,0,1,0,1,1
2024-05-01,0.0093535134758633,1,1,0,1,1
2024-05-02,0.0123953325435501,1,1,1,1,1
2024-05-03,0.0103267342451545,1,1,1,1,1
2024-05-06,0.0011033628176195,1,1,1,1,1
2024-05-07,9.684540340382242e-05,1,1,1,1,1
2024-05-08,0.0057618041024176,1,1,1,1,1
2024-05-09,0.0012882289518025,1,1,1,1,1
2024-05-10,0.0001341871083375,1,1,1,1,1
2024-05-13,0.004588282548823,1,1,1,1,1
2024-05-14,0.0123829458293807,1,1,1,1,1
2024-05-15,-0.0020575211449046,0,1,1,1,1
2024-05-16,0.0014375433930624,1,1,0,1,1
2024-05-17,0.0011521723456615,1,1,1,1,1
2024-05-20,0.0024524663907805,1,1,1,1,1
2024-05-21,-0.002879396361313,0,1,1,1,0
2024-05-22,-0.0073041620355116,0,1,0,1,1
2024-05-23,0.0066163943999355,1,1,0,1,1
2024-05-24,0.0006987515410241,1,1,1,1,1
2024-05-28,-0.0070025123056838,0,1,1,1,1
2024-05-29,-0.006633578797711,0,1,0,1,1
2024-05-30,0.0091080931642824,1,1,0,1,1
2024-05-31,0.0008153592768926,1,1,1,1,0
2024-06-03,0.001118008571874,1,1,1,1,1
2024-06-04,0.0118850598410888,1,1,1,1,1
2024-06-05,-1.8640244569434472e-05,0,1,1,1,1
2024-06-06,-0.0012159762300797,0,1,0,1,1
2024-06-07,0.0030898889593162,1,1,0,1,1
2024-06-10,0.0024082219364913,1,1,1,1,1
2024-06-11,0.0082131103449047,1,1,1,1,1
2024-06-12,0.0020135098521882,1,1,1,1,1
2024-06-13,0.0006083856691376,1,1,1,1,1
2024-06-14,0.0079589436346869,1,1,1,1,1
2024-06-17,0.0025408347209756,1,1,1,1,1
2024-06-18,-0.002716786674363,0,1,1,1,1
2024-06-20,-0.0013404933262958,0,1,0,1,1
2024-06-21,-0.0032507395346381,0,1,0,1,1
2024-06-24,0.0038509844461762,1,1,0,1,1
2024-06-25,0.0012479269069416,1,1,1,1,1
2024-06-26,0.0015765763702069,1,1,1,1,1
2024-06-27,-0.0039351795468551,0,1,1,1,1
2024-06-28,0.0020582535819386,1,1,0,1,1
2024-07-01,0.0067295469582875,1,1,1,1,1
2024-07-02,0.004462634526017,1,1,1,1,1
2024-07-03,0.0057664843491094,1,1,1,1,1
2024-07-05,0.0011539842364671,1,1,1,1,1
2024-07-08,0.0009725096949979,1,1,1,1,1
2024-07-09,0.0098952805307759,1,1,1,1,1
2024-07-10,-0.0086227872572375,0,1,1,1,1
2024-07-11,0.0063077393087018,1,1,0,1,1
2024-07-12,0.0027498413145414,1,1,1,1,1
2024-07-15,0.0059305612502913,1,1,1,1,1
2024-07-16,-0.0140214553275789,0,1,1,1,1
2024-07-17,-0.0076848672665849,0,1,0,1,1
2024-07-18,-0.0066405287279913,0,1,0,1,1
2024-07-19,0.0103098544358584,1,1,0,1,1
2024-07-22,-0.0015686197644287,0,1,1,1,1
2024-07-23,-0.0226625369811219,0,1,0,1,1
2024-07-24,-0.0052103096575203,0,1,0,1,1
2024-07-25,0.0111996706163537,1,1,0,1,1
2024-07-26,0.0005879168006492,1,1,1,1,1
2024-07-29,-0.005066555674594,0,1,1,1,1
2024-07-30,0.0162547324043091,1,1,0,1,1
2024-07-31,-0.0141609832922176,0,1,1,1,1
2024-08-01,-0.0186183714243766,0,1,0,1,1
2024-08-02,-0.0291238100620215,0,1,0,1,1
2024-08-05,0.0092197291286428,1,1,0,1,0
2024-08-06,-0.0066840439764359,0,1,1,1,1
2024-08-07,0.0231172995013075,1,1,0,1,1
2024-08-08,0.0044095748682844,1,1,1,1,0
2024-08-09,0.0005254051316678,1,1,1,1,1
2024-08-12,0.0164457304369445,1,1,1,1,1
2024-08-13,0.003154779942889,1,1,1,0,0
2024-08-14,0.0171401630927878,1,1,1,1,1
2024-08-15,0.0022421066199815,1,1,1,0,0
2024-08-16,0.0095614301059876,1,1,1,1,1
2024-08-19,-0.001626060375251,0,1,1,1,1
2024-08-20,0.0034363473354497,1,1,0,1,1
2024-08-21,-0.0078484028530284,0,1,1,1,1
2024-08-22,0.0106253859229896,1,1,0,1,1
2024-08-23,-0.0023838078459922,0,1,1,1,1
2024-08-26,0.0013729592647899,1,1,0,1,1
2024-08-27,-0.0058050745530676,0,1,1,1,1
2024-08-28,8.919327757994644e-05,1,1,0,1,1
2024-08-29,0.0095461865833046,1,1,1,1,1
2024-08-30,-0.02057891827501,0,1,1,1,1
2024-09-03,-0.0020468308469608,0,1,0,1,1
2024-09-04,-0.0024324073915518,0,1,0,1,1
2024-09-05,-0.0168298667525184,0,1,0,1,1
2024-09-06,0.0111960209603516,1,1,0,1,1
2024-09-09,0.0043556871607624,1,1,1,1,1
2024-09-10,0.010259192298234,1,1,1,1,1
2024-09-11,0.0084230090073298,1,1,1,0,1
2024-09-12,0.0052228955846662,1,1,1,1,1
2024-09-13,0.0014768156945352,1,1,1,1,1
2024-09-16,0.00040873357753,1,1,1,1,1
2024-09-17,-0.0029658249921354,0,1,1,1,1
2024-09-18,0.0170643788325934,1,1,0,1,1
2024-09-19,-0.0017286027009622,0,1,1,0,0
2024-09-20,0.0024987947776549,1,1,0,1,1
2024-09-23,0.0028613778394273,1,1,1,1,1
2024-09-24,-0.0022055737811803,0,1,1,1,1
2024-09-25,0.0039646905098096,1,1,0,1,1
2024-09-26,-0.0014503989358952,0,1,1,1,1
2024-09-27,0.0040073067813788,1,1,0,1,1
2024-09-30,-0.0089583874338092,0,1,1,1,1
2024-10-01,0.000421854587129,1,1,0,1,1
2024-10-02,-0.0018281781869303,0,1,1,1,1
2024-10-03,0.0090874256641668,1,1,0,1,1
2024-10-04,-0.0090404841623297,0,1,1,1,1
2024-10-07,0.0094574427145108,1,1,0,1,1
2024-10-08,0.0069267018062371,1,1,1,1,1
2024-10-09,-0.0017500366951881,0,1,1,1,1
2024-10-10,0.0059881255943015,1,1,0,1,1
2024-10-11,0.0081783478892527,1,1,1,1,1
2024-10-14,-0.0077696031506094,0,1,1,1,1
2024-10-15,0.0043464140096862,1,1,0,1,1
2024-10-16,8.579045798295937e-05,1,1,1,1,1
2024-10-17,0.0038465483694205,1,1,1,1,1
2024-10-18,-0.0016421734696497,0,1,1,1,1
2024-10-21,-0.0005311796703227,0,1,0,1,1
2024-10-22,-0.0091374725646238,0,1,0,1,1
2024-10-23,0.0021629103656319,1,1,0,1,1
2024-10-24,-0.0003454047935561,0,1,1,1,1
2024-10-25,0.0030914298610738,1,1,0,1,1
2024-10-28,0.0016184866956361,1,1,1,1,1
2024-10-29,-0.0030255297407282,0,1,1,1,1
2024-10-30,-0.0196030883648922,0,1,0,1,1
2024-10-31,0.0042205888055482,1,1,0,1,1
2024-11-01,-0.0021540016850669,0,1,1,1,1
2024-11-04,0.0120918148883435,1,1,0,1,1
2024-11-05,0.0248655958256533,1,1,1,1,1
2024-11-06,0.0077322727563984,1,1,1,0,0
2024-11-07,0.0043317111901108,1,1,1,1,1
2024-11-08,0.0009527815024188,1,1,1,1,1
2024-11-11,-0.0031064400712772,0,1,1,1,0
2024-11-12,0.0004858730531422,1,1,0,1,1
2024-11-13,-0.0064303107639334,0,1,1,1,1
2024-11-14,-0.0128085371911689,0,1,0,1,1
2024-11-15,0.0040974101275608,1,1,0,1,0
2024-11-18,0.0036555804977529,1,1,1,1,1
2024-11-19,0.0003388277025782,1,1,1,1,1
2024-11-20,0.0053682466800646,1,1,1,1,1
2024-11-21,0.0030992892063126,1,1,1,1,1
2024-11-22,0.0033921054211556,1,1,1,1,1
2024-11-25,0.0052214854708667,1,1,1,1,1
2024-11-26,-0.0030299846945225,0,1,1,1,1
2024-11-27,0.006211945721408,1,1,0,1,1
2024-11-29,0.0017923275603184,1,1,1,1,1
2024-12-02,0.0004639455202479,1,1,1,1,1
2024-12-03,0.0062095106190234,1,1,1,1,1
2024-12-04,-0.0016457396510601,0,1,1,1,1
2024-12-05,0.0018957974675537,1,1,0,1,1
2024-12-06,-0.0051496730700588,0,1,1,1,1
2024-12-09,-0.0031089910422201,0,1,0,1,1
2024-12-10,0.0077305328768779,1,1,0,1,1
2024-12-11,-0.0051524350916021,0,1,1,1,1
2024-12-12,-0.0001986181454322,0,1,0,1,1
2024-12-13,0.0042699528984577,1,1,0,1,1
2024-12-16,-0.0041201963634855,0,1,1,1,1
2024-12-17,-0.0298032580695403,0,1,0,1,1
2024-12-18,-0.0003072589610821,0,1,0,1,0
2024-12-19,0.0120110137093218,1,1,0,1,1
2024-12-20,0.0059883138459082,1,1,1,1,0
2024-12-23,0.0111150976736233,1,1,1,1,1
2024-12-24,6.648854481872135e-05,1,1,1,1,1
2024-12-26,-0.0105265842036404,0,1,1,1,1
2024-12-27,-0.0114115863675284,0,1,0,1,1
2024-12-30,-0.0036380303829519,0,1,0,1,1
2024-12-31,-0.002456912408398,0,1,0,1,1
2025-01-02,0.0125032970477565,1,1,0,1,1
2025-01-03,0.0057606153829374,1,1,1,1,1
2025-01-06,-0.0113039411607376,0,1,1,1,1
2025-01-07,0.0014609058966514,1,1,0,1,1
2025-01-08,-0.0152676386215147,0,1,1,1,1
2025-01-10,0.0015506920150269,1,1,0,1,1
2025-01-13,0.0013759502770052,1,1,1,1,1
2025-01-14,0.0181900288439493,1,1,1,1,1
2025-01-15,-0.0019231016950377,0,1,1,1,1
2025-01-16,0.0100399002169297,1,1,0,1,1
2025-01-17,0.0091533756072252,1,1,1,1,1
2025-01-21,0.0056215383319879,1,1,1,1,1
2025-01-22,0.005458058539157,1,1,1,1,1
2025-01-23,-0.0029192649597693,0,1,1,1,1
2025-01-24,-0.0141453562224046,0,1,0,1,1
2025-01-27,0.0085923153170601,1,1,0,1,1
2025-01-28,-0.004482967158625,0,1,1,1,1
2025-01-29,0.005367082820435,1,1,0,1,1
2025-01-30,-0.00532191162803,0,1,1,1,1
2025-01-31,-0.0067296565573792,0,1,0,1,1
2025-02-03,0.0067084743351215,1,1,0,1,1
2025-02-04,0.0040545262235094,1,1,1,1,1
2025-02-05,0.0034755264456256,1,1,1,1,1
2025-02-06,-0.0091535139510713,0,1,1,1,1
2025-02-07,0.0067912249862849,1,1,0,1,1
2025-02-10,0.0007606438304508,1,1,1,1,1
2025-02-11,-0.003221587301457,0,1,1,1,1
2025-02-12,0.0105576042788495,1,1,0,1,1
2025-02-13,-4.927878362037674e-05,0,1,1,1,1
2025-02-14,0.002935897666952,1,1,0,1,1
2025-02-18,0.0023548173146026,1,1,1,1,1
2025-02-19,-0.0041601439693004,0,1,1,1,1
2025-02-20,-0.0171041061042446,0,1,0,1,1
2025-02-21,-0.004550509873166,0,1,0,1,1
2025-02-24,-0.0049731829410324,0,1,0,1,1
2025-02-25,0.0005049020314549,1,1,0,1,1
2025-02-26,-0.0159619095233187,0,1,1,1,1
2025-02-27,0.0156054888944539,1,1,0,1,1
2025-02-28,-0.0175198731860664,0,1,1,1,1
2025-03-03,-0.0118369730766261,0,1,0,1,1
2025-03-04,0.0107478396111659,1,1,0,1,1
2025-03-05,-0.0177510502483798,0,1,1,1,1
2025-03-06,0.0056047768403242,1,1,0,1,1
2025-03-07,-0.0266356194441531,0,1,1,1,1
2025-03-10,-0.0083127804347996,0,1,0,1,1
2025-03-11,0.0053064879545661,1,1,0,1,1
2025-03-12,-0.013330436330021,0,1,1,1,1
2025-03-13,0.0206555660632261,1,1,0,1,1
2025-03-14,0.007711448795157,1,1,1,1,1
2025-03-17,-0.010808379622018,0,1,1,1,1
2025-03-18,0.0108908459950212,1,1,0,1,1
2025-03-19,-0.0028916989401738,0,1,1,1,1
2025-03-20,0.0003298919546212,1,1,0,1,1
2025-03-21,0.0179084877516009,1,1,1,1,1
2025-03-24,0.0024039293468809,1,1,1,1,1
2025-03-25,-0.0119383345766745,0,1,1,1,1
2025-03-26,-0.0026557358811503,0,1,0,1,1
2025-03-27,-0.0201384306319902,0,1,0,1,1
2025-03-28,0.0067128013729247,1,1,0,1,1
2025-03-31,0.0028245537010416,1,1,1,1,1
2025-04-01,0.0063282982928292,1,1,1,1,1
2025-04-02,-0.0492805872134507,0,1,1,1,1
2025-04-03,-0.0585431011169611,0,1,0,1,1
2025-04-04,-0.0017811884523963,0,1,0,1,1
2025-04-07,-0.015662754316898,0,1,0,1,1
2025-04-08,0.1050195026548743,1,1,0,1,0
2025-04-09,-0.0438191704470828,0,1,1,0,0
2025-04-10,0.0178427757736292,1,1,0,1,1
2025-04-11,0.0097015069839558,1,1,1,0,0
2025-04-14,-0.0028009069165995,0,1,1,0,0
2025-04-15,-0.0222279632640862,0,1,0,0,1
2025-04-16,0.001426717111798,1,1,0,1,1
2025-04-17,-0.0238027659125923,0,1,1,1,1
2025-04-21,0.0260178215311532,1,1,0,1,1
2025-04-22,0.0154953629188225,1,1,1,1,0
2025-04-23,0.0210491465806119,1,1,1,1,0
2025-04-24,0.0072251972782955,1,1,1,0,0
2025-04-25,0.0003812727631191,1,1,1,0,1
2025-04-28,0.0062995019050755,1,1,1,0,0
2025-04-29,0.0003967183919115,1,1,1,0,1
2025-04-30,0.0070869804748643,1,1,1,0,1
2025-05-01,0.0148441365112184,1,1,1,1,1
2025-05-02,-0.0057342155909114,0,1,1,1,1
2025-05-05,-0.0083585453495019,0,1,0,1,1
2025-05-06,0.0042056387902336,1,1,0,1,1
2025-05-07,0.0069678728702091,1,1,1,1,1
2025-05-08,-0.0012743307463345,0,1,1,1,1
2025-05-09,0.0330474330391417,1,1,0,1,1
2025-05-12,0.0066040738552142,1,1,1,0,0
2025-05-13,0.0012778715696883,1,1,1,1,0
2025-05-14,0.0048843909842801,1,1,1,1,0
2025-05-15,0.0063340439294972,1,1,1,1,0
2025-05-16,0.0010938196429841,1,1,1,1,0
2025-05-19,-0.0033621536762168,0,1,1,1,0
2025-05-20,-0.0168508797471333,0,1,0,1,0
2025-05-21,0.0003948143188683,1,1,0,1,1
2025-05-22,-0.0068258512570531,0,1,1,1,1
2025-05-23,0.02079068471986,1,1,0,1,1
2025-05-27,-0.0057854517409962,0,1,1,1,0
2025-05-28,0.0039474422766603,1,1,0,1,1
2025-05-29,-0.0011185059286688,0,1,1,1,1
2025-05-30,0.0056329212955719,1,1,0,1,1
2025-06-02,0.0057025572694056,1,1,1,1,1
2025-06-03,-0.0002684085986693,0,1,1,1,0
2025-06-04,-0.0048328596233543,0,1,0,1,0
2025-06-05,0.0102690309737645,1,1,0,1,1
2025-06-06,0.0009012287764704,1,1,1,1,1
2025-06-09,0.0056697183904659,1,1,1,1,1
2025-06-10,-0.0028519750150198,0,1,1,1,0
2025-06-11,0.0039742753822695,1,1,0,1,1
2025-06-12,-0.0111800597851331,0,1,1,1,1
2025-06-13,0.0095142398426133,1,1,0,1,1
2025-06-16,-0.0085450687006845,0,1,1,1,1
2025-06-17,-0.0001509202405691,0,1,0,1,1
2025-06-18,-0.0023483708979783,0,1,0,1,0
2025-06-20,0.0098774857395875,1,1,0,1,1
2025-06-23,0.0110471860395073,1,1,1,1,0
2025-06-24,0.0005602827185173,1,1,1,1,1
2025-06-25,0.0078239121695418,1,1,1,1,1
2025-06-26,0.0049682214362314,1,1,1,1,1
2025-06-27,0.0047812801671411,1,1,1,1,1
2025-06-30,-0.0003235144031829,0,1,1,1,1
2025-07-01,0.0045331652125955,1,1,0,1,1
2025-07-02,0.0078814002435436,1,1,1,1,1
2025-07-03,-0.0074519719210669,0,1,1,1,1
2025-07-07,-0.0005478347205516,0,1,0,1,1
2025-07-08,0.0059967561549294,1,1,0,1,1
2025-07-09,0.0028203571621754,1,1,1,1,1
2025-07-10,-0.0035155067463294,0,1,1,1,1
2025-07-11,0.0019081841138897,1,1,0,1,1
2025-07-14,-0.0042732121893562,0,1,1,1,1
2025-07-15,0.0033431741923299,1,1,0,1,1
2025-07-16,0.0061196378775145,1,1,1,1,1
2025-07-17,-0.0007322363413652,0,1,1,1,1
2025-07-18,0.0018960449732978,1,1,0,1,1
2025-07-21,0.0001430972928111,1,1,1,1,1
2025-07-22,0.0085073790544565,1,1,1,1,1
2025-07-23,0.0003312243243982,1,1,1,1,1
2025-07-24,0.0042243381524911,1,1,1,1,1
2025-07-25,-0.0002511658677887,0,1,1,1,1
2025-07-28,-0.0026375650574512,0,1,0,1,1
2025-07-29,-0.0012593696215839,0,1,0,1,1
2025-07-30,-0.0037510668874607,0,1,0,1,1
2025-07-31,-0.0163905136533916,0,1,0,1,0
2025-08-01,0.0151997641600734,1,1,0,1,0
2025-08-04,-0.0050700241167128,0,1,1,1,1
2025-08-05,0.0076598577404451,1,1,0,1,1
2025-08-06,-0.0008376363499652,0,1,1,1,1
2025-08-07,0.0077974564637866,1,1,0,1,1
2025-08-08,-0.0019775013459851,0,1,1,1,1
2025-08-11,0.0106459818027309,1,1,0,1,1
2025-08-12,0.0034233247558173,1,1,1,1,1
2025-08-13,9.29178689290655e-05,1,1,1,1,1
2025-08-14,-0.0023412936104089,0,1,1,1,1
2025-08-15,-0.000217520760141,0,1,0,1,1
2025-08-18,-0.005425196437217,0,1,0,1,1
2025-08-19,-0.0026570808049446,0,1,0,1,1
2025-08-20,-0.0040118098056124,0,1,0,1,1
2025-08-21,0.0153568330410969,1,1,0,1,1
2025-08-22,-0.0044010200352035,0,1,1,1,1
2025-08-25,0.0041869687585276,1,1,0,1,1
2025-08-26,0.0022784527526664,1,1,1,1,1
2025-08-27,0.0035414199062957,1,1,1,1,1
2025-08-28,-0.0059636393929621,0,1,1,1,1
